enrollment_date,fingerprint_quality,iris_quality,photo_quality
2025-08-07,76,77,88
2024-07-04,88,78,97
2024-05-17,71,71,93
2024-08-27,79,75,94
2024-08-25,74,84,78
2025-05-25,60,70,86
2024-10-22,72,26,81
2025-02-01,87,30,81
2026-02-18,72,89,97
2025-03-03,73,82,84
2024-08-27,71,39,91
2025-08-06,82,98,94
2025-04-05,90,89,97
2025-12-05,70,88,79
2026-03-01,78,75,82
2024-04-30,74,70,79
2025-07-04,85,72,83
2025-04-08,81,92,87
2025-05-13,82,75,90
2026-02-15,85,71,95
2024-09-05,80,74,83
2024-09-14,75,92,98
2026-01-27,73,89,94
2025-12-16,91,98,79
2025-12-12,87,76,89
2025-07-19,95,97,91
2024-11-27,98,87,94
2024-05-05,73,32,92
2025-03-15,32,91,97
2024-07-08,89,82,88
2024-11-20,88,55,99
2024-10-06,96,96,98
2026-01-22,71,83,81
2025-06-22,77,87,88
2025-10-02,71,80,94
2024-04-20,79,77,82
2025-12-05,76,90,77
2025-05-07,90,94,97
2025-01-23,88,82,75
2025-04-03,96,48,78
2025-05-11,75,71,75
2025-02-12,80,98,88
2025-12-21,85,95,91
2024-08-24,74,95,78
2024-06-15,86,71,99
2024-12-15,95,86,87
2025-09-09,78,89,75
2025-05-07,73,91,77
2024-07-21,43,83,87
2024-11-01,95,89,98
2025-05-31,85,96,80
2025-08-22,90,50,98
2025-02-06,97,98,90
2024-07-18,73,72,89
2024-10-04,38,83,93
2024-09-03,91,96,82
2024-08-17,91,96,89
2025-02-10,75,70,96
2024-12-03,92,30,99
2026-02-09,92,80,92
2024-11-22,82,91,79
2026-02-09,80,87,86
2024-12-28,81,88,96
2025-04-16,73,93,88
2024-11-25,91,96,81
2024-09-30,84,71,97
2025-08-02,85,26,92
2024-08-18,85,72,75
2024-07-22,78,85,95
2025-10-20,98,90,79
2025-03-02,77,94,85
2025-01-26,78,89,85
2025-02-15,86,72,91
2025-12-29,78,83,94
2025-04-27,95,72,99
2024-12-10,78,75,96
2024-11-26,39,75,88
2025-08-29,78,88,86
2025-07-27,37,90,89
2024-06-12,85,71,91
2024-12-03,79,74,90
2026-02-03,76,98,84
2024-07-13,79,72,98
2026-04-01,76,88,95
2025-09-29,88,78,87
2024-12-24,42,76,78
2025-06-15,83,94,80
2025-09-13,98,82,86
2025-02-03,93,84,88
2024-08-01,91,70,99
2025-09-07,86,81,97
2024-07-16,70,82,78
2025-12-08,76,28,81
2024-11-03,76,74,83
2025-10-01,88,70,77
2025-02-05,74,31,88
2026-04-04,74,78,77
2026-02-11,80,81,95
2024-05-16,95,74,93
2025-12-18,98,34,76
2025-06-15,72,77,75
2024-07-16,70,89,50
2026-02-24,34,78,79
2024-11-02,85,70,91
2025-07-08,89,92,88
2024-04-26,95,81,89
2025-05-28,79,95,77
2026-01-11,98,84,95
2024-11-08,85,85,99
2024-11-21,42,91,48
2025-11-24,78,88,95
2025-08-13,81,85,83
2024-06-23,70,96,87
2025-10-05,92,98,82
2025-01-01,85,74,95
2025-08-05,70,78,95
2025-09-03,87,77,85
2025-01-05,78,86,93
2025-09-23,79,71,80
2025-11-08,98,92,85
2024-06-16,92,89,78
2024-08-26,89,74,93
2024-05-31,70,52,49
2024-10-31,70,85,80
2025-09-21,77,49,95
2025-01-20,84,94,97
2026-01-21,84,87,89
2026-01-04,72,87,85
2024-11-18,94,94,80
2024-12-10,97,71,80
2025-10-25,72,81,99
2024-06-03,95,77,90
2024-10-29,83,88,53
2025-03-18,80,84,91
2025-01-29,78,77,87
2024-12-11,77,92,90
2024-10-10,80,87,98
2024-12-31,95,70,76
2024-11-05,98,82,87
2024-06-17,89,90,94
2025-05-04,93,79,93
2025-03-19,96,78,97
2024-11-04,94,85,92
2025-05-26,72,96,94
2024-12-23,77,74,99
2024-07-03,97,59,98
2025-08-18,84,82,89
2024-10-16,77,71,84
2024-08-20,88,93,78
2025-02-05,71,91,83
2024-04-21,80,81,82
2024-06-13,89,87,91
2025-10-10,43,85,85
2025-05-30,73,84,82
2025-06-03,87,77,95
2025-07-20,95,75,95
2024-08-06,78,96,78
2026-01-24,86,83,90
2025-03-08,95,78,77
2025-11-07,90,54,77
2025-10-16,81,83,85
2025-07-15,40,94,53
2025-06-02,86,82,83
2024-04-23,81,78,90
2024-10-04,82,85,84
2025-03-26,74,50,75
2025-10-25,74,71,96
2026-03-13,93,88,81
2025-10-20,89,73,82
2025-09-25,80,72,85
2025-07-09,93,94,60
2025-01-13,83,89,78
2025-01-25,91,71,98
2025-12-12,92,92,52
2024-11-20,78,57,63
2024-09-05,91,89,87
2025-09-04,70,74,89
2024-11-24,88,60,77
2024-10-22,75,92,80
2024-06-08,89,87,87
2025-10-06,83,81,97
2024-05-24,95,92,98
2025-10-29,73,90,97
2025-05-15,83,83,85
2026-04-13,86,76,97
2024-12-06,83,88,76
2025-10-16,97,92,78
2024-12-21,87,82,92
2024-08-27,97,76,78
2024-12-03,77,85,78
2024-10-24,88,97,86
2025-12-03,75,76,97
2024-08-31,94,78,99
2025-02-15,86,80,85
2025-03-22,90,76,89
2024-07-23,93,90,92
2025-03-08,70,78,83
2025-02-05,72,76,77
2025-07-14,97,85,96
2025-10-23,83,94,88
2025-05-21,93,95,78
2025-09-04,40,79,92
2024-07-19,97,96,60
2024-07-06,93,80,78
2024-08-08,91,77,98
2025-07-05,85,97,76
2025-07-24,85,70,79
2024-07-21,96,84,96
2025-09-05,77,83,95
2024-06-12,98,53,40
2025-09-13,50,38,97
2025-08-19,89,88,92
2024-08-14,89,26,84
2024-08-06,80,92,88
2024-04-22,86,81,81
2025-04-06,97,79,65
2025-07-30,31,84,86
2024-09-21,82,84,82
2024-06-21,72,74,98
2025-11-27,78,85,87
2025-08-09,84,91,79
2026-01-20,90,81,75
2024-12-30,89,90,87
2025-07-31,43,97,90
2025-11-23,73,78,93
2026-03-22,81,88,97
2025-06-25,84,88,98
2024-09-25,83,89,79
2024-11-01,79,86,46
2024-11-13,40,89,90
2026-01-28,90,91,90
2025-11-12,98,75,75
2025-01-06,82,92,94
2025-06-16,38,80,99
2024-11-30,95,84,85
2024-12-16,76,89,75
2025-03-17,92,86,76
2024-10-20,81,86,91
2024-12-05,88,89,80
2024-04-23,98,73,94
2026-04-11,85,92,85
2024-09-04,98,85,54
2025-09-19,88,76,79
2024-12-18,87,82,89
2025-08-07,79,29,77
2024-12-03,93,34,98
2025-02-14,58,98,93
2025-06-19,79,93,96
2025-07-14,84,75,88
2024-05-13,79,76,97
2025-06-19,93,88,90
2025-03-10,85,92,98
2025-09-14,77,81,81
2025-02-24,93,91,98
2024-07-07,96,82,88
2026-02-14,92,96,87
2024-12-31,96,73,88
2026-02-03,75,82,94
2024-12-07,89,32,85
2025-09-01,71,83,75
2025-12-04,89,79,99
2025-02-09,75,86,77
2025-11-28,89,88,82
2025-12-19,49,74,99
2025-09-04,77,94,94
2025-07-26,89,78,78
2025-11-22,53,85,95
2025-08-09,74,89,95
2025-01-07,72,59,91
2025-06-24,75,81,94
2024-07-06,31,90,79
2025-10-29,72,73,93
2025-04-09,75,77,78
2025-12-30,84,91,95
2024-06-07,82,74,91
2025-07-06,91,94,89
2025-06-15,73,30,84
2025-06-05,47,75,94
2025-10-27,75,70,83
2024-06-12,91,96,91
2024-10-21,76,76,53
2024-09-02,72,94,79
2025-11-08,74,98,98
2025-11-24,95,97,85
2025-12-28,88,74,92
2026-01-10,87,79,77
2026-03-23,77,89,95
2025-01-15,77,82,79
2025-04-28,96,51,94
2026-02-15,89,86,85
2025-03-04,92,71,93
2026-03-12,76,84,85
2025-02-27,58,96,48
2025-11-04,88,73,92
2025-05-28,97,49,83
2024-09-11,75,80,80
2024-12-31,86,38,93
2025-11-12,94,78,93
2024-05-26,75,92,99
2024-04-30,95,75,83
2024-04-27,98,96,80
2025-11-22,84,72,85
2025-08-26,70,85,93
2024-12-03,80,95,84
2024-05-17,79,76,93
2025-10-10,88,95,90
2025-08-20,86,89,91
2026-03-23,87,27,88
2025-07-22,98,95,80
2025-11-14,51,73,95
2024-06-24,70,76,79
2024-06-27,89,72,99
2025-09-19,72,87,95
2025-06-29,81,97,86
2026-03-15,93,81,78
2025-11-05,72,78,75
2024-08-22,96,79,93
2024-05-21,83,95,98
2025-11-02,98,71,99
2026-02-10,83,87,78
2025-12-16,81,75,97
2024-08-28,91,76,93
2025-03-10,98,98,80
2025-08-05,81,85,92
2025-03-21,40,94,79
2024-09-15,88,87,88
2024-09-09,43,95,86
2024-10-29,86,92,81
2024-10-19,38,90,86
2025-09-17,93,85,95
2026-02-18,89,72,98
2025-04-16,92,72,93
2025-12-04,77,90,97
2024-11-11,88,72,89
2025-06-05,82,71,81
2025-10-05,73,71,91
2026-02-24,34,71,83
2026-03-03,88,77,92
2025-04-25,88,96,78
2025-07-07,72,92,81
2025-05-29,77,96,85
2025-05-17,83,73,80
2024-12-01,98,81,81
2025-08-16,91,77,88
2025-04-19,92,78,77
2025-11-16,96,97,58
2026-04-15,86,80,89
2024-09-28,84,88,82
2024-07-11,70,71,84
2025-09-18,77,72,79
2025-05-03,70,56,98
2024-12-29,72,92,98
2025-09-21,85,73,96
2024-06-06,96,76,83
2025-06-25,77,83,81
2025-11-20,47,84,99
2025-12-04,95,72,90
2025-12-24,96,78,93
2024-11-23,79,78,76
2025-10-09,88,33,78
2025-11-12,78,70,91
2024-10-21,82,89,97
2024-10-28,80,95,87
2024-12-26,33,96,51
2025-12-08,73,81,80
2025-02-18,97,95,92
2025-08-30,88,97,77
2025-08-17,85,72,89
2025-09-21,45,82,84
2025-06-05,77,83,92
2026-02-17,89,79,81
2025-05-01,76,73,97
2025-07-24,95,97,80
2024-12-01,90,71,79
2026-02-22,89,81,87
2025-12-09,89,72,54
2024-08-22,89,96,95
2025-05-26,82,76,94
2024-08-11,76,93,93
2024-05-26,96,73,88
2025-11-04,58,73,75
2025-09-13,95,98,83
2025-08-23,92,96,88
2025-04-06,74,95,95
2025-07-02,94,31,84
2025-11-25,83,91,91
2024-09-11,73,74,77
2024-10-19,71,98,94
2026-02-20,97,92,91
2025-01-27,93,77,86
2025-07-17,70,59,99
2024-07-05,75,81,88
2025-01-06,34,70,90
2024-07-28,79,46,93
2025-07-12,89,87,76
2025-07-15,79,72,87
2024-04-26,78,97,99
2025-09-05,79,71,94
2024-08-04,81,78,94
2024-10-02,71,92,77
2026-01-05,90,97,78
2024-05-08,91,60,88
2026-02-09,71,70,80
2026-03-12,86,76,98
2025-10-23,84,83,90
2025-12-01,70,81,89
2025-05-10,32,41,91
2025-08-07,80,87,84
2026-01-18,77,93,83
2025-11-06,87,79,80
2025-08-29,40,70,79
2025-07-13,90,74,87
2025-05-15,89,84,76
2025-03-05,94,96,78
2024-09-26,97,86,48
2024-07-26,32,89,95
2026-03-04,35,91,87
2025-08-15,92,78,44
2026-04-06,51,81,98
2025-01-05,44,78,43
2026-02-04,90,40,88
2024-11-09,77,82,88
2024-08-06,72,96,96
2025-04-19,73,77,77
2025-02-05,74,90,76
2026-01-30,89,73,92
2025-03-18,95,87,96
2025-05-20,71,85,91
2025-11-28,85,77,89
2025-02-26,91,77,61
2025-02-06,82,44,94
2024-06-23,44,79,77
2025-09-08,82,92,93
2026-01-18,73,92,52
2026-02-04,87,91,86
2025-05-22,92,25,85
2024-07-24,87,95,92
2026-02-06,95,89,92
2024-08-17,82,96,87
2026-01-14,75,97,78
2025-09-28,78,87,89
2025-01-22,78,89,85
2025-05-13,71,97,42
2025-01-28,84,77,81
2024-06-21,86,75,95
2025-11-14,88,73,97
2024-06-10,75,80,99
2025-11-05,88,75,61
2024-11-15,40,76,84
2025-04-23,47,71,99
2024-10-18,96,39,87
2024-08-18,95,81,75
2024-11-17,86,83,55
2025-11-29,74,80,84
2025-01-24,81,54,86
2024-10-01,96,94,76
2025-06-04,79,84,87
2024-05-20,90,93,85
2024-07-09,92,73,80
2024-08-19,91,89,95
2025-09-13,71,73,82
2025-07-30,87,82,76
2026-03-05,93,97,88
2025-09-29,59,93,81
2026-03-04,81,86,86
2025-09-12,70,80,79
2025-04-06,92,94,82
2025-01-14,81,95,75
2025-04-16,85,83,92
2025-09-27,98,35,83
2024-07-09,75,72,92
2026-02-17,40,86,88
2025-11-01,80,91,99
2025-01-09,70,71,90
2025-09-12,75,83,92
2026-02-11,93,57,92
2024-08-16,97,72,90
2025-04-22,89,70,53
2025-10-20,73,73,96
2025-04-24,82,75,57
2025-08-08,81,87,82
2026-01-25,93,96,79
2025-01-17,88,33,84
2025-08-23,55,36,83
2026-03-09,82,98,88
2025-12-21,75,89,80
2025-01-31,92,95,49
2026-01-20,95,95,82
2024-11-19,73,92,82
2025-06-20,40,84,97
2025-01-13,83,93,84
2025-08-07,71,89,86
2025-10-26,97,71,92
2024-08-20,74,94,90
2024-06-06,70,74,84
2026-02-11,75,98,80
2024-07-24,86,89,81
2025-07-06,75,82,77
2025-10-16,71,85,85
2025-01-14,96,33,82
2025-03-26,98,74,84
2026-01-10,73,84,91
2025-11-26,75,87,77
2025-03-11,95,96,94
2025-10-03,84,95,99
2025-08-11,95,88,76
2025-09-01,78,30,86
2026-01-06,90,91,99
2025-03-04,95,82,81
2025-12-03,90,91,75
2026-01-17,77,38,93
2024-12-27,91,87,82
2025-02-04,77,31,79
2025-05-28,93,93,81
2025-06-08,87,73,42
2026-01-27,90,89,80
2024-10-08,71,71,85
2026-01-22,96,87,79
2024-08-24,97,86,97
2025-02-17,84,39,84
2025-09-06,83,80,80
2024-04-30,35,80,85
2026-02-12,80,80,83
2026-04-04,97,91,92
2025-09-29,92,80,99
2024-11-17,92,55,89
2025-08-14,89,52,85
2025-09-21,96,80,50
2025-04-08,72,90,78
2025-12-03,84,75,99
2025-11-09,98,79,86
2025-03-18,90,72,91
2025-10-23,46,75,80
2025-02-25,71,95,82
2025-08-27,94,95,82
2025-03-10,84,98,81
2024-11-24,89,83,83
2025-01-08,84,98,93
2025-12-31,79,92,79
2024-11-05,70,59,86
2025-01-13,82,86,95
2026-01-17,82,82,99
2025-05-22,71,92,80
2025-01-17,43,75,84
2024-05-14,87,87,98
2024-09-08,98,86,79
2024-09-06,92,60,77
2024-05-20,73,74,84
2025-12-25,86,51,80
2025-03-25,94,75,75
2026-02-15,71,27,98
2025-02-28,74,94,77
2024-11-29,78,79,92
2026-02-12,91,93,78
2025-05-29,47,81,99
2025-09-28,83,93,51
2024-12-09,97,78,87
2026-03-30,82,92,84
2024-10-26,73,83,99
2025-04-01,98,73,60
2026-03-28,90,95,77
2025-01-11,81,93,95
2025-03-16,83,82,78
2025-12-02,87,92,87
2024-10-19,93,79,90
2025-09-08,35,97,96
2024-08-05,93,83,77
2026-03-20,71,93,97
2026-01-22,71,78,54
2025-08-18,91,93,94
2026-02-23,74,83,98
2024-11-22,87,58,83
2026-02-19,88,70,86
2026-04-02,89,82,90
2025-09-03,89,78,90
2025-09-04,75,74,98
2025-11-24,74,25,84
2025-11-01,89,71,79
2026-02-26,85,98,95
2024-07-15,74,76,98
2024-11-23,84,91,92
2024-12-16,36,94,96
2025-07-12,74,76,78
2024-07-31,97,98,92
2024-06-04,82,93,79
2026-01-22,70,78,99
2025-05-01,91,80,97
2024-08-20,92,95,83
2025-01-14,43,98,98
2024-07-30,84,71,77
2024-11-09,79,91,82
2025-08-22,94,97,80
2026-01-16,84,83,84
2025-10-27,73,32,76
2025-10-04,98,96,50
2025-10-18,92,87,94
2025-03-23,56,39,91
2026-01-15,82,85,97
2026-04-16,87,50,86
2025-08-14,90,96,84
2026-03-08,76,79,77
2025-07-25,94,52,87
2024-12-12,80,83,82
2024-12-25,71,93,99
2024-12-02,84,56,78
2024-05-18,91,90,93
2024-05-09,93,87,97
2025-01-24,74,32,99
2025-07-29,78,82,98
2024-11-07,77,94,81
2025-05-28,30,79,80
2024-05-19,74,77,81
2024-11-11,77,79,82
2026-03-17,75,81,82
2026-02-11,70,72,93
2024-11-30,90,73,89
2026-03-24,90,84,92
2025-12-26,96,96,79
2025-03-29,88,85,75
2025-03-04,77,80,58
2025-05-17,39,90,75
2026-03-30,97,79,95
2024-06-30,43,73,76
2024-06-23,89,76,82
2025-04-27,87,86,88
2026-03-28,87,75,84
2025-12-18,73,70,90
2025-11-18,73,86,81
2024-05-03,89,71,94
2024-09-02,89,79,92
2026-04-09,76,83,75
2025-04-01,87,83,83
2025-07-09,74,49,92
2024-08-08,79,84,84
2024-06-13,76,91,82
2025-03-04,40,39,78
2024-12-30,79,52,81
2024-09-07,97,35,87
2026-03-25,84,90,88
2025-04-09,48,74,43
2025-08-11,80,77,75
2025-04-12,73,86,81
2026-03-19,73,82,94
2025-08-28,82,75,92
2024-07-05,81,96,88
2025-06-21,74,88,95
2026-02-06,91,70,76
2024-07-15,83,47,97
2024-05-17,98,72,98
2025-08-08,79,88,90
2025-08-06,85,44,85
2025-10-22,86,77,80
2024-11-20,98,85,91
2025-05-20,86,96,75
2025-09-14,78,96,93
2024-09-15,52,82,44
2025-08-08,86,90,79
2025-09-24,85,82,57
2025-08-17,79,77,87
2024-06-16,71,95,98
2024-07-01,72,72,75
2025-11-22,71,90,89
2026-04-09,78,88,89
2025-05-02,74,70,75
2025-01-18,41,83,78
2026-03-27,80,73,92
2026-03-22,83,93,81
2025-03-25,76,83,92
2025-09-01,38,78,84
2025-11-13,80,91,98
2024-08-06,80,73,95
2025-11-01,94,90,45
2024-10-29,86,33,92
2024-09-24,75,60,78
2025-04-02,87,93,91
2025-01-21,79,97,85
2025-06-10,73,72,91
2025-11-22,89,77,94
2025-09-06,80,83,84
2024-10-07,84,96,80
2024-05-13,72,90,79
2025-04-24,82,97,81
2024-11-11,82,80,99
2025-06-05,78,72,89
2025-05-11,78,80,94
2025-05-24,91,88,98
2025-06-05,92,90,99
2024-08-23,85,33,93
2025-11-07,88,86,94
2025-04-07,88,84,97
2024-09-24,82,86,77
2025-12-18,73,78,85
2025-09-19,57,87,54
2024-12-26,90,98,79
2025-02-13,75,89,99
2025-01-06,90,87,95
2025-05-19,74,77,76
2025-12-27,36,86,91
2026-01-10,84,51,87
2025-12-02,83,95,91
2025-03-23,82,82,87
2026-03-07,82,84,76
2025-02-20,80,84,92
2024-07-19,81,79,84
2024-12-08,97,93,94
2025-10-30,96,83,53
2025-11-20,87,98,92
2025-03-19,78,45,50
2025-06-09,93,97,54
2025-05-15,74,88,77
2026-01-03,84,77,81
2025-01-07,84,71,99
2025-01-05,83,74,92
2026-04-18,38,90,85
2024-08-02,93,78,89
2025-04-07,98,96,93
2024-11-27,92,71,95
2024-09-16,82,97,77
2025-12-05,70,55,92
2024-05-24,96,81,91
2024-07-24,92,33,93
2025-07-22,71,98,92
2025-02-13,90,71,87
2026-01-09,72,44,96
2025-03-23,74,93,92
2025-12-05,33,72,90
2025-04-06,90,90,59
2025-08-17,87,90,78
2024-06-25,93,51,94
2024-12-19,92,26,99
2026-03-12,93,30,96
2024-07-31,74,85,98
2025-11-01,90,31,94
2024-07-21,30,34,82
2026-04-09,83,95,81
2025-02-01,98,96,79
2024-07-28,83,33,85
2026-02-24,73,83,79
2025-07-30,40,97,79
2024-08-25,82,43,91
2024-06-02,98,73,87
2024-04-24,73,79,79
2025-09-27,89,91,82
2024-07-07,85,73,76
2024-12-15,80,89,65
2026-03-14,83,90,87
2025-07-21,94,94,87
2024-05-15,83,89,92
2025-11-01,72,47,94
2024-07-22,97,84,61
2025-04-05,82,82,59
2025-12-06,75,28,76
2025-10-29,78,55,94
2025-10-19,70,74,91
2024-06-13,97,93,92
2025-03-04,71,96,85
2024-09-14,73,93,88
2024-08-25,96,78,83
2025-02-11,95,70,51
2025-12-11,79,85,58
2026-02-26,85,79,87
2026-03-06,95,94,88
2024-12-21,57,91,98
2026-03-29,77,81,75
2025-02-14,83,90,84
2024-12-18,80,72,88
2024-05-23,82,77,79
2025-09-11,97,92,89
2025-05-13,92,37,58
2024-06-10,71,72,99
2024-06-23,91,53,82
2026-04-05,80,73,95
2024-09-06,95,90,80
2024-07-09,90,91,77
2024-04-26,79,91,89
2026-04-07,94,32,84
2026-03-24,77,74,75
2025-03-04,77,53,82
2024-09-18,81,26,92
2025-10-21,72,70,76
2024-05-17,88,78,92
2024-08-15,93,82,96
2024-10-20,89,89,82
2024-09-25,74,76,97
2026-02-26,85,82,85
2026-04-09,98,97,77
2024-08-05,91,85,86
2024-07-13,79,83,75
2025-01-13,78,91,83
2025-06-07,71,72,98
2024-06-23,73,98,91
2024-05-04,89,82,95
2025-11-10,93,98,91
2025-05-09,94,98,93
2025-07-26,91,46,87
2024-07-02,83,91,94
2024-05-29,77,75,97
2024-06-28,91,84,76
2026-01-09,82,97,80
2025-01-02,40,86,78
2024-08-30,71,85,81
2024-08-26,75,86,77
2026-02-15,74,83,98
2025-06-30,83,94,86
2026-03-30,85,70,84
2025-03-26,86,88,78
2024-12-12,92,96,63
2026-01-07,75,73,75
2026-02-23,73,87,97
2025-09-05,89,74,87
2024-09-03,96,90,79
2026-03-06,78,92,93
2025-10-07,93,94,97
2025-04-15,82,74,75
2024-06-01,72,92,85
2024-11-23,72,79,87
2025-03-20,48,86,78
2024-10-14,78,76,93
2025-10-09,84,71,92
2025-12-26,91,92,81
2024-11-03,85,89,75
2025-01-06,78,72,91
2025-05-24,73,85,91
2025-03-11,71,78,95
2025-08-02,85,88,80
2026-01-14,77,93,81
2025-11-22,77,84,87
2025-05-07,91,82,90
2025-07-12,94,72,75
2026-01-06,84,82,98
2025-04-12,81,71,88
2024-06-27,70,96,96
2025-03-23,85,94,76
2025-01-08,81,88,85
2024-08-06,97,76,82
2025-02-16,77,92,76
2025-07-08,88,78,88
2025-10-26,97,70,85
2025-12-18,95,80,53
2025-11-18,95,39,86
2024-06-19,94,98,98
2026-02-27,82,85,91
2025-04-16,92,75,91
2025-11-20,79,94,97
2026-04-08,72,42,81
2025-09-18,41,77,44
2025-01-21,96,70,80
2026-03-28,93,27,89
2025-03-03,75,84,78
2024-11-16,76,87,76
2026-01-20,74,92,87
2024-11-05,94,96,85
2024-06-08,79,86,92
2025-08-04,89,95,94
2024-05-13,98,77,82
2024-07-14,89,60,87
2024-05-23,98,32,90
2025-07-12,50,75,87
2026-03-16,91,93,75
2025-12-23,73,94,88
2024-11-14,96,70,95
2025-08-29,70,85,82
2025-03-19,81,89,97
2026-03-17,87,77,75
2025-11-14,71,70,87
2024-11-16,73,73,85
2024-11-09,89,76,83
2025-07-05,83,92,78
2025-07-05,78,90,82
2025-02-24,94,87,88
2024-04-26,80,94,98
2024-11-09,93,72,79
2025-11-15,98,86,92
2024-09-20,75,35,81
2024-05-29,91,94,93
2024-05-21,73,95,97
2024-06-01,77,86,95
2025-08-13,88,86,88
2025-12-14,81,86,97
2025-01-02,79,79,87
2025-05-16,72,91,94
2025-01-03,87,57,84
2025-12-05,91,44,87
2024-11-16,95,81,65
2025-05-29,88,54,87
2026-03-06,72,94,79
2024-08-11,72,90,98
2024-08-15,70,82,83
2025-05-14,74,87,83
2024-04-23,84,92,95
2025-12-14,92,97,94
2024-07-08,73,73,96
2025-12-03,70,77,81
2025-03-23,73,87,94
2024-05-12,72,86,97
2024-05-09,89,78,87
2025-08-15,92,95,90
2025-09-25,89,70,76
2024-04-19,74,82,86
2025-08-22,74,91,92
2025-09-01,96,86,75
2024-05-25,55,47,91
2025-12-25,80,72,90
2024-09-07,74,92,77
2026-02-20,92,70,89
2026-01-15,93,77,89
2025-12-07,84,87,96
2024-08-16,88,86,84
2024-12-31,78,71,83
2025-10-20,36,75,49
2024-08-02,72,95,47
2025-10-03,82,92,97
2025-01-31,71,97,79
2024-08-31,86,86,92
2026-02-23,95,94,95
2024-07-09,30,94,91
2024-08-26,79,81,87
2024-05-07,95,95,92
2024-11-08,95,95,90
2024-06-21,84,74,95
2024-06-05,74,96,95
2026-03-24,84,89,77
2026-02-15,76,94,91
2026-02-13,94,96,85
2025-05-16,83,77,86
2025-10-31,77,70,75
2025-05-20,80,56,88
2025-02-18,81,70,80
2025-11-29,70,71,78
2024-12-02,85,92,94
2025-08-20,46,79,76
2025-02-27,87,86,81
2025-03-13,95,74,79
2024-09-07,80,96,97
2025-08-10,91,76,80
2024-10-20,94,80,89
2024-08-12,77,84,97
2024-07-30,86,74,84
2025-01-18,89,78,82
2024-09-30,77,76,97
2025-07-09,83,75,93
2024-12-03,87,71,76
2024-09-04,80,93,75
2024-06-10,97,95,81
2025-10-06,79,81,93
2024-05-26,91,48,80
2025-09-08,40,86,99
2025-08-25,81,97,80
2025-03-26,90,94,99
2024-11-19,74,95,86
2026-03-29,81,91,76
2024-07-03,94,77,83
2025-03-05,74,53,61
2025-01-25,87,91,98
2024-08-09,79,82,45
2026-01-04,98,88,81
2024-09-05,76,38,60
2025-12-28,48,72,77
2024-08-10,78,72,81
2025-08-05,94,86,95
2024-10-09,92,70,92
2024-12-12,75,70,96
2026-01-02,91,59,98
2026-03-17,72,92,98
2026-02-01,85,94,85
2024-10-08,48,36,78
2026-01-21,71,71,94
2025-10-31,92,95,93
2025-12-16,71,83,85
2025-06-01,70,83,93
2026-04-14,77,74,80
2026-02-27,78,96,61
2025-08-31,81,95,88
2025-06-23,74,80,98
2025-06-25,78,76,51
2024-09-05,76,93,49
2025-06-25,87,90,78
2026-03-16,93,57,85
2025-02-02,79,70,87
2025-09-14,93,52,76
2025-11-16,88,95,55
2025-04-20,95,82,75
2024-06-30,60,25,82
2025-12-08,87,75,79
2025-04-11,73,75,95
2025-09-30,94,86,90
2025-09-08,89,80,97
2024-12-12,56,74,99
2025-05-15,84,80,98
2025-11-10,70,89,93
2024-07-08,80,72,76
2024-08-28,84,79,88
2026-01-23,73,78,87
2026-03-19,97,90,84
2024-08-12,90,79,45
2024-05-17,70,80,84
2025-12-04,41,91,88
2024-09-19,94,74,85
2025-08-06,98,89,87
2025-03-31,42,89,88
2024-11-24,77,72,81
2024-08-22,96,26,87
2025-12-30,97,86,53
2025-04-03,76,79,80
2025-09-29,91,59,86
2025-10-02,76,86,92
2025-10-19,98,96,97
2025-09-06,84,80,75
2024-08-04,58,86,97
2025-03-15,81,92,93
2025-07-13,78,42,87
2025-02-27,86,85,96
2025-08-17,96,87,94
2024-08-23,93,48,86
2026-01-02,84,71,76
2024-12-01,80,96,80
2025-08-12,32,97,88
2025-06-10,74,76,75
2025-01-27,82,91,46
2025-07-25,87,36,94
2025-03-06,71,97,87
2025-11-09,50,85,78
2024-11-25,74,78,95
2025-08-28,96,94,79
2024-09-21,94,95,78
2025-01-19,89,34,64
2024-08-12,87,74,78
2025-07-02,70,71,98
2024-09-25,71,74,91
2026-04-02,91,76,93
2024-05-16,86,89,85
2025-05-04,75,83,96
2026-01-19,83,97,89
2024-08-01,87,75,51
2024-10-03,83,95,43
2024-08-23,74,94,80
2025-02-09,88,95,75
2026-01-11,41,96,75
2024-10-15,91,88,99
2025-03-15,76,93,75
2026-02-15,58,91,87
2025-05-08,94,97,86
2025-06-09,85,75,95
2025-04-28,97,86,77
2025-08-07,89,85,99
2025-08-28,70,82,87
2024-08-16,94,82,84
2024-12-11,95,77,90
2024-12-30,72,93,91
2024-07-16,77,88,77
2025-11-06,88,92,92
2024-04-23,92,54,83
2024-11-22,70,91,96
2025-03-05,52,95,77
2026-02-12,97,81,79
2024-12-17,46,98,93
2024-06-10,79,96,88
2024-10-03,90,72,91
2024-09-20,89,90,58
2024-08-30,98,90,96
2024-05-21,98,40,80
2025-09-12,71,93,82
2026-03-09,94,73,81
2024-10-16,70,76,86
2024-12-15,96,82,78
2026-02-20,82,92,47
2025-07-26,73,90,89
2025-06-01,89,78,77
2024-07-06,87,95,80
2026-04-05,97,78,98
2024-08-25,76,81,83
2024-07-05,88,70,98
2024-11-25,80,94,87
2025-03-21,93,98,86
2025-07-29,90,80,95
2024-06-22,40,74,87
2024-05-24,83,71,96
2025-03-25,71,79,79
2025-11-27,70,75,84
2025-06-13,88,83,96
2024-05-06,79,81,87
2025-05-23,94,94,59
2025-09-14,59,37,83
2025-04-30,83,84,83
2025-08-14,33,96,98
2025-11-10,83,83,78
2025-11-04,88,88,77
2024-06-15,92,33,78
2025-01-03,87,73,95
2025-06-25,83,70,98
2025-05-19,94,40,42
2025-10-31,71,90,83
2024-09-30,85,42,95
2025-09-30,79,86,87
2024-09-20,89,76,88
2024-10-14,42,97,86
2024-11-12,78,98,44
2025-04-26,84,95,93
2026-01-22,93,90,85
2026-02-14,84,81,85
2025-12-14,81,43,80
2025-12-21,83,90,85
2024-05-17,70,86,87
2025-02-26,83,97,78
2024-12-28,50,25,81
2024-08-26,78,73,64
2024-12-18,91,71,87
2025-02-05,98,95,44
2026-03-25,92,27,90
2024-06-09,84,85,76
2025-01-09,85,38,81
2025-12-20,82,98,93
2024-07-26,70,78,85
2025-11-04,73,84,83
2025-05-14,94,85,79
2024-07-26,92,71,82
2024-06-19,70,89,87
2024-05-07,72,70,96
2024-08-02,80,90,51
2025-09-01,88,93,79
2025-02-20,76,60,93
2024-06-20,92,78,91
2025-06-02,42,94,83
2024-06-22,91,27,91
2024-08-08,83,85,88
2024-07-20,92,81,87
2026-04-11,36,79,97
2024-07-07,85,55,80
2025-08-07,91,76,76
2024-06-27,93,79,86
2025-09-20,34,95,89
2025-12-12,95,76,82
2025-03-16,93,52,92
2024-12-17,46,93,85
2024-04-21,80,79,87
2024-11-16,86,71,46
2026-03-22,79,85,87
2024-05-04,80,82,95
2024-08-09,74,51,91
2026-04-05,75,90,92
2024-09-11,86,71,87
2024-04-28,80,97,79
2024-10-25,70,89,84
2026-02-17,73,74,91
2025-01-24,76,78,79
2024-06-02,80,84,51
2025-08-28,49,79,81
2025-02-21,92,44,91
2024-10-25,60,78,97
2024-12-06,78,97,92
2024-10-23,70,98,81
2025-03-06,79,91,77
2024-10-12,91,83,81
2025-10-29,34,79,87
2026-02-28,83,97,94
2026-02-08,54,77,86
2024-08-06,77,80,81
2026-01-20,70,80,98
2026-02-24,77,75,83
2024-12-31,93,91,81
2025-09-25,54,83,87
2025-02-25,74,78,81
2024-11-11,81,85,97
2025-03-24,93,81,94
2024-11-30,96,77,62
2024-05-30,97,60,87
2026-01-10,86,71,79
2024-06-12,71,91,81
2025-05-19,79,94,88
2025-10-23,35,86,84
2025-07-12,71,93,83
2024-06-09,78,71,90
2026-03-26,94,36,84
2025-07-04,87,86,97
2025-07-06,82,76,86
2025-04-20,84,75,81
2025-03-04,95,71,96
2025-06-08,76,55,89
2025-05-26,89,58,93
2024-07-31,82,71,89
2025-09-14,76,83,95
2026-01-07,79,70,76
2025-09-22,75,41,99
2024-05-16,94,76,96
2025-08-09,73,93,85
2025-09-22,74,88,81
2025-11-12,98,81,99
2026-03-01,81,85,94
2025-03-20,94,77,94
2024-06-14,89,77,84
2025-09-30,88,96,94
2024-11-20,41,35,85
2024-09-15,92,77,83
2026-02-05,72,85,97
2025-08-26,87,92,88
2025-04-30,78,79,81
2026-04-08,93,74,75
2026-01-28,81,81,98
2025-06-18,57,81,98
2024-04-24,74,85,79
2025-05-24,30,88,42
2024-04-25,73,82,91
2025-10-20,71,94,86
2024-10-13,86,80,93
2025-05-14,88,92,83
2024-07-19,60,77,78
2026-01-15,79,84,90
2024-09-11,85,95,86
2026-01-22,76,73,75
2025-04-09,82,95,76
2025-02-01,76,84,81
2024-07-02,70,52,40
2024-09-25,75,98,65
2024-07-16,96,88,90
2025-11-12,96,77,89
2025-10-04,91,73,94
2024-12-03,78,74,84
2025-02-04,93,73,84
2024-10-17,72,87,80
2026-01-13,92,98,85
2026-01-25,97,90,88
2025-05-05,86,81,84
2025-07-23,90,85,94
2024-08-21,72,74,84
2025-10-18,78,71,94
2024-11-14,84,78,79
2024-06-21,83,70,92
2024-11-06,82,74,80
2026-03-07,80,94,79
2025-03-29,94,79,89
2024-06-24,54,92,81
2024-08-30,94,94,92
2024-08-07,77,31,77
2025-01-16,57,57,85
2025-02-09,87,73,87
2026-04-11,58,84,79
2025-08-29,80,93,86
2024-09-13,96,78,49
2026-02-23,47,96,83
2025-11-03,70,74,84
2025-03-29,98,71,92
2026-01-24,84,87,83
2024-09-07,31,93,78
2024-10-17,84,75,88
2026-03-30,75,85,85
2025-06-19,96,83,92
2024-05-11,83,38,82
2024-12-24,92,95,42
2025-09-19,72,73,97
2024-09-23,89,84,88
2026-02-25,71,95,97
2025-04-06,93,86,87
2026-03-30,91,85,78
2024-05-31,72,88,77
2025-06-22,46,76,93
2024-08-04,98,98,96
2024-11-26,97,76,80
2025-06-16,74,39,82
2025-02-25,88,95,79
2024-09-24,74,74,90
2025-04-24,97,91,81
2025-03-09,90,73,83
2024-11-26,79,84,80
2025-09-19,73,60,89
2025-08-05,78,35,97
2026-01-29,71,87,81
2024-11-27,79,48,90
2025-09-20,91,90,84
2024-08-09,77,84,94
2025-09-04,42,44,84
2024-09-03,83,25,92
2025-11-22,77,86,95
2026-04-11,93,76,94
2025-04-20,75,79,84
2025-01-20,93,74,44
2025-07-25,80,73,82
2025-08-05,70,97,77
2024-08-04,97,90,81
2026-02-09,84,71,92
2025-09-18,70,93,99
2025-03-23,96,80,46
2024-09-04,98,76,88
2025-03-30,79,79,55
2025-04-17,74,71,93
2024-10-25,95,98,91
2025-07-24,94,87,82
2025-07-06,77,86,89
2026-01-14,91,81,84
2024-05-22,96,83,97
2025-08-24,89,81,77
2025-06-14,51,89,55
2025-04-09,97,91,98
2025-05-14,73,94,76
2024-07-21,37,83,63
2024-11-03,79,88,95
2024-07-12,81,52,49
2025-12-01,71,98,97
2025-01-06,97,28,89
2024-07-06,82,87,79
2024-08-09,88,93,81
2025-07-06,56,79,52
2024-09-01,96,71,99
2024-11-23,82,80,89
2025-06-02,80,80,92
2026-02-19,75,74,97
2024-07-09,78,75,80
2024-12-19,91,84,75
2025-01-28,89,94,80
2024-11-15,88,94,76
2024-08-25,80,70,78
2026-02-11,95,77,79
2025-06-23,58,70,99
2024-10-16,86,84,97
2024-06-06,71,45,83
2026-04-07,47,82,86
2025-08-25,86,92,95
2026-03-16,92,84,85
2025-02-19,87,77,84
2024-05-26,82,78,95
2025-08-07,72,90,89
2024-07-19,75,72,76
2026-04-08,30,73,78
2025-01-31,79,74,95
2024-09-20,86,80,90
2025-04-07,70,43,98
2025-12-24,72,74,81
2024-04-24,97,89,87
2024-07-18,84,82,99
2024-12-04,70,98,75
2024-12-31,82,86,87
2026-03-17,73,71,81
2024-05-22,73,76,84
2026-04-11,78,71,94
2025-11-05,71,80,78
2025-06-17,74,82,76
2025-08-13,75,81,96
2025-01-19,81,85,85
2026-03-08,70,87,99
2024-05-25,85,83,77
2025-06-19,94,91,81
2025-10-22,90,72,78
2024-09-25,88,93,80
2024-06-09,82,96,85
2025-05-21,94,95,78
2024-05-01,93,74,57
2024-07-08,87,92,99
2025-05-25,73,77,98
2024-07-01,82,77,89
2024-07-24,95,47,94
2024-06-05,51,87,86
2025-08-09,88,90,89
2025-12-01,94,54,76
2024-10-17,98,85,56
2025-07-20,79,98,98
2025-12-31,78,97,49
2025-03-17,70,81,95
2025-08-26,96,95,86
2025-02-24,98,70,87
2024-10-03,71,74,87
2026-04-15,70,54,83
2026-01-08,82,73,87
2025-12-31,97,71,83
2025-08-18,78,83,84
2026-03-09,93,93,94
2025-07-21,74,82,65
2025-08-24,87,78,96
2025-10-05,94,74,90
2025-07-22,59,79,93
2026-04-07,77,75,87
2025-04-27,74,70,48
2024-04-26,75,82,94
2026-01-31,83,84,78
2024-10-15,80,80,78
2025-03-12,82,60,56
2025-06-05,79,95,78
2026-04-07,75,94,96
2025-09-14,89,83,90
2026-02-15,71,77,97
2026-04-08,40,44,77
2025-01-05,95,86,94
2025-06-01,90,84,94
2025-05-29,90,34,99
2024-05-13,31,88,94
2025-07-15,98,92,85
2025-01-10,72,70,57
2025-07-25,86,94,89
2025-02-23,78,81,98
2025-04-06,95,73,77
2025-12-10,97,92,88
2024-07-12,83,76,79
2025-03-26,86,89,89
2025-09-12,80,76,94
2024-07-05,97,76,86
2025-06-05,82,95,84
2024-05-06,79,95,40
2024-09-29,80,46,93
2024-08-30,83,71,47
2025-12-31,92,86,87
2024-08-07,90,89,88
2026-01-24,71,78,89
2025-06-03,71,84,99
2025-10-25,87,92,42
2024-10-21,81,75,94
2025-03-25,96,89,97
2024-10-05,97,25,83
2025-01-21,71,93,89
2024-07-02,95,82,95
2024-09-11,90,97,88
2025-11-14,89,96,89
2024-07-16,73,92,91
2025-05-03,98,80,81
2025-07-30,93,83,83
2026-01-26,88,84,78
2025-04-01,95,35,87
2025-11-28,86,70,91
2026-03-26,76,71,79
2024-07-13,89,91,80
2025-06-02,80,79,87
2026-01-28,82,94,80
2024-10-10,90,90,99
2025-10-01,82,73,80
2026-01-22,85,80,92
2025-02-19,86,78,48
2026-02-22,74,85,84
2026-02-20,43,85,97
2025-12-20,72,73,89
2024-08-23,98,89,88
2024-08-26,56,74,96
2026-04-18,97,86,87
2025-01-05,78,84,87
2024-05-21,95,94,90
2025-08-18,38,95,63
2025-08-05,71,83,78
2024-12-02,89,97,96
2025-12-09,74,91,98
2025-06-06,89,75,92
2025-03-11,79,82,82
2025-11-22,96,83,48
2026-01-15,91,92,92
2025-03-14,77,98,89
2025-07-27,74,90,95
2024-07-17,70,27,85
2025-10-06,93,41,86
2024-06-25,95,82,87
2024-05-27,81,97,80
2025-08-25,93,73,49
2025-01-14,90,44,83
2025-02-04,91,42,93
2025-11-19,75,87,90
2026-03-13,80,89,86
2025-04-22,91,85,75
2024-07-16,55,40,61
2024-08-19,79,76,49
2024-05-25,83,75,81
2024-11-13,98,81,48
2026-03-10,96,71,95
2025-01-05,83,29,87
2025-10-02,83,91,83
2025-06-04,90,80,93
2025-01-02,85,91,88
2024-12-08,75,96,92
2026-01-20,79,76,78
2026-03-10,57,80,84
2026-04-13,73,94,85
2026-04-13,52,47,85
2025-12-04,87,80,99
2024-05-22,73,71,90
2024-06-08,82,73,97
2026-01-05,30,71,92
2025-07-19,87,27,89
2024-07-09,73,79,90
2024-04-24,93,76,95
2024-04-29,87,83,93
2026-02-08,96,70,80
2024-09-26,51,95,78
2026-01-31,71,75,78
2024-06-29,96,71,49
2026-03-19,81,96,96
2025-02-28,70,79,99
2024-12-02,56,72,86
2026-01-29,88,96,93
2025-08-12,80,54,84
2025-01-18,75,85,90
2024-12-16,91,97,80
2025-06-08,71,75,78
2025-11-30,79,71,99
2025-05-12,71,89,98
2024-05-04,43,74,47
2026-01-21,82,71,78
2025-04-08,87,76,77
2026-01-24,91,85,85
2025-08-05,82,76,92
2026-03-13,89,91,85
2024-12-06,77,88,49
2026-04-15,72,85,80
2025-01-20,82,98,79
2025-11-29,89,73,77
2026-01-09,55,97,75
2025-01-02,81,41,92
2025-07-07,95,86,99
2025-01-02,94,71,87
2024-08-17,42,85,88
2026-01-06,72,49,87
2025-08-10,76,93,83
2026-02-16,77,79,96
2024-09-22,42,74,98
2024-10-08,80,54,95
2024-12-14,94,78,95
2025-08-23,98,85,91
2025-07-20,72,88,98
2025-11-18,85,92,84
2025-11-16,80,82,87
2025-08-07,78,57,93
2025-05-09,32,92,86
2024-10-24,94,51,82
2024-07-13,75,97,99
2025-11-22,70,81,85
2025-10-05,80,84,81
2025-11-08,87,73,61
2026-04-02,85,72,95
2025-09-06,86,89,81
2025-09-10,60,70,81
2024-08-18,72,77,84
2025-03-17,70,85,77
2026-01-05,85,74,86
2024-09-26,85,76,77
2025-09-01,96,80,78
2024-09-26,70,83,95
2025-06-23,87,84,91
2024-11-11,33,47,75
2025-07-27,92,94,77
2025-11-15,76,91,84
2025-05-15,93,79,76
2024-08-12,33,82,84
2025-08-13,71,51,90
2025-11-13,88,85,89
2026-01-14,82,77,82
2024-06-23,82,72,93
2024-11-22,74,98,79
2025-04-27,81,92,79
2025-03-11,76,84,78
2025-10-05,72,71,90
2024-11-21,93,97,81
2024-10-29,74,78,87
2026-04-04,96,70,83
2025-08-11,95,88,45
2024-06-04,76,77,90
2024-10-07,93,80,98
2024-10-27,43,77,96
2025-04-27,87,78,97
2025-02-26,89,80,80
2025-10-12,89,79,92
2025-03-01,76,89,78
2024-10-31,93,88,80
2025-08-04,72,72,87
2026-01-23,36,82,91
2025-08-09,79,96,91
2026-04-13,80,28,94
2024-10-17,79,78,90
2024-12-13,88,94,75
2024-12-10,78,90,85
2026-04-13,88,92,84
2025-04-12,89,98,98
2024-12-12,70,77,97
2024-08-29,74,89,63
2024-12-14,87,95,88
2024-11-07,79,94,76
2024-08-18,73,97,82
2025-03-09,73,81,94
2024-08-29,85,85,78
2025-04-12,85,98,85
2025-09-04,85,71,78
2025-04-06,83,74,78
2026-02-14,82,88,83
2024-11-01,88,95,78
2025-06-29,92,70,92
2024-05-28,59,34,79
2024-08-13,90,72,95
2025-08-11,78,90,89
2024-11-09,75,73,86
2026-01-27,80,86,77
2025-09-07,95,82,93
2024-07-27,75,74,97
2025-02-15,96,98,93
2026-02-04,89,76,75
2024-09-02,71,46,84
2024-10-27,89,89,44
2025-10-02,87,74,85
2025-01-26,72,77,60
2025-07-11,87,82,79
2026-02-13,73,83,76
2024-12-16,71,75,97
2024-08-19,83,91,92
2025-10-24,96,85,99
2024-11-15,93,84,75
2025-10-17,49,74,95
2025-05-10,57,86,97
2025-10-08,85,46,86
2024-12-23,93,91,93
2024-08-13,80,74,87
2024-11-26,89,96,97
2025-03-02,76,89,89
2024-08-08,77,76,75
2025-03-01,32,84,82
2025-11-26,94,90,81
2024-05-15,46,83,79
2024-08-02,42,71,90
2025-08-06,89,41,83
2025-01-16,85,51,64
2025-08-15,74,73,79
2024-12-24,95,31,76
2025-12-29,73,75,98
2024-12-11,75,80,76
2024-11-25,95,87,77
2025-08-12,72,73,83
2025-03-21,82,96,80
2025-06-18,77,96,89
2025-05-20,88,90,93
2025-02-03,85,77,42
2025-10-05,74,88,94
2026-02-17,81,85,93
2024-12-04,84,76,99
2025-06-03,73,72,96
2026-04-01,93,71,85
2025-06-09,93,72,86
2025-09-03,90,79,50
2025-10-18,76,37,83
2025-10-16,78,92,88
2024-07-14,76,89,90
2024-11-05,77,91,46
2024-11-01,76,83,87
2025-04-01,83,74,95
2026-03-02,73,78,88
2025-02-19,54,87,80
2025-12-14,82,89,96
2025-11-17,98,59,97
2025-08-19,89,75,84
2026-01-21,98,43,88
2025-11-19,98,57,94
2025-09-02,80,51,89
2025-03-29,90,75,60
2026-03-30,85,98,82
2024-07-24,33,82,91
2025-05-20,93,31,82
2024-12-01,31,71,84
2026-04-14,80,76,95
2024-09-01,70,96,82
2025-05-19,77,87,83
2025-12-23,76,74,93
2025-09-04,88,92,78
2025-09-19,92,98,85
2024-06-08,90,98,83
2025-08-06,91,93,82
2025-09-16,97,76,90
2025-12-19,75,91,98
2025-08-10,89,81,76
2025-03-10,94,73,90
2026-04-12,75,77,95
2025-02-07,73,70,75
2025-07-04,88,93,98
2024-08-06,86,96,86
2026-03-09,98,70,92
2025-05-01,84,77,80
2024-12-25,91,77,96
2026-02-28,90,90,95
2025-11-21,80,70,76
2025-05-27,95,70,79
2025-03-11,43,96,78
2025-03-27,90,90,81
2025-01-22,41,56,79
2025-05-02,76,33,77
2025-05-12,93,73,85
2025-06-26,97,79,94
2025-06-02,89,80,87
2025-12-11,80,90,90
2024-04-30,92,98,98
2025-07-17,78,95,88
2024-09-09,79,98,91
2025-03-07,90,83,93
2026-03-28,59,94,89
2024-09-21,81,85,82
2025-10-29,83,82,90
2025-02-19,92,57,85
2025-07-28,90,75,47
2024-09-29,82,91,77
2024-10-25,77,90,82
2026-01-21,95,78,94
2024-11-08,95,94,84
2024-05-08,93,83,78
2025-07-07,73,71,96
2024-06-13,77,94,90
2026-02-09,73,84,93
2026-01-19,92,96,83
2024-07-01,37,82,89
2026-04-08,98,79,80
2024-07-31,79,76,89
2025-06-29,87,87,95
2025-09-16,77,89,92
2025-04-22,93,32,86
2026-03-27,81,73,89
2025-04-20,87,86,78
2024-08-20,81,27,86
2025-12-12,74,79,76
2024-08-17,89,75,98
2026-01-15,37,77,85
2026-01-31,88,90,89
2025-06-25,79,90,79
2025-01-16,92,96,78
2025-10-20,71,70,91
2025-07-04,83,92,85
2024-05-31,76,80,86
2025-09-04,98,86,79
2024-07-27,77,78,75
2025-04-26,47,70,95
2024-07-16,71,81,86
2025-11-07,94,83,75
2025-02-02,97,90,82
2025-07-04,75,80,80
2024-08-28,93,73,98
2024-07-19,70,90,78
2025-11-29,74,74,94
2024-06-17,73,87,90
2025-06-01,92,90,98
2025-02-27,80,85,77
2026-03-04,89,47,95
2025-10-13,85,80,78
2025-05-15,97,74,83
2024-10-23,82,78,92
2025-04-30,85,96,80
2024-11-08,97,76,79
2024-09-03,60,84,98
2024-08-16,89,50,79
2025-04-08,77,85,76
2025-12-20,94,94,88
2024-07-06,86,78,82
2024-06-15,50,70,99
2025-11-25,87,40,96
2025-10-28,94,74,95
2024-11-13,97,84,84
2025-01-17,88,77,88
2025-10-02,94,71,78
2024-04-29,91,53,95
2024-04-21,76,55,98
2025-04-08,70,86,79
2025-03-16,98,98,89
2024-08-12,81,84,99
2024-04-20,80,74,88
2025-11-03,44,91,94
2024-04-26,89,98,88
2025-07-12,96,87,97
2025-06-27,89,82,89
2025-11-19,84,94,86
2024-12-25,94,30,84
2025-11-10,81,51,85
2026-01-28,58,84,89
2024-08-13,71,74,86
2024-07-01,80,81,98
2025-10-11,77,95,95
2024-06-23,98,72,80
2026-03-08,71,88,92
2024-10-08,96,73,94
2024-05-09,85,84,87
2024-06-26,50,95,80
2025-04-08,95,91,76
2025-12-02,71,91,79
2024-12-23,77,90,98
2024-06-06,52,96,84
2024-07-24,73,83,93
2025-10-18,88,81,89
2025-12-23,75,95,77
2024-11-19,74,78,92
2025-04-17,87,98,99
2025-04-12,96,88,98
2025-04-30,83,95,97
2025-12-01,89,92,96
2024-10-18,89,58,96
2025-08-05,90,94,98
2024-06-23,85,77,90
2024-05-13,90,71,90
2025-06-22,72,85,53
2026-01-22,78,83,77
2026-04-05,93,80,75
2025-01-18,85,71,91
2025-06-01,95,91,78
2025-08-16,97,83,45
2024-05-18,87,89,80
2024-06-28,75,72,91
2025-07-27,80,83,99
2024-12-18,92,71,94
2025-10-01,48,54,75
2024-07-17,72,77,88
2024-07-13,94,76,82
2025-01-14,84,95,79
2024-07-12,78,81,75
2026-01-09,96,91,99
2024-09-12,87,72,83
2024-04-25,78,96,94
2025-04-08,96,94,98
2026-04-16,95,75,99
2024-07-12,31,91,88
2026-01-05,91,36,90
2025-06-30,32,73,89
2025-02-10,74,97,59
2024-06-26,44,73,99
2024-07-17,77,73,81
2025-11-15,73,81,88
2026-02-28,83,82,79
2025-08-14,92,76,78
2024-10-19,74,77,85
2024-09-14,87,86,85
2024-09-07,92,73,83
2025-04-14,73,56,97
2026-03-12,72,85,83
2026-03-08,94,97,82
2025-05-02,82,83,82
2025-06-08,92,96,95
2025-03-22,83,91,81
2024-12-13,97,76,82
2025-09-05,97,80,89
2024-09-22,93,88,99
2024-10-03,91,97,94
2024-04-21,38,27,98
2026-03-17,38,80,86
2025-02-03,83,91,78
2024-06-07,91,95,95
2025-05-09,72,97,65
2024-09-05,92,74,86
2025-02-10,87,95,94
2025-02-04,89,77,95
2024-11-21,93,90,92
2025-09-18,85,83,87
2025-11-20,73,88,75
2026-03-04,60,76,91
2026-02-24,72,86,92
2024-06-23,72,90,94
2024-12-29,85,97,86
2025-01-08,86,91,79
2024-09-08,92,45,77
2025-09-02,85,88,86
2025-12-23,85,72,80
2026-02-20,91,94,99
2024-09-27,96,59,80
2025-10-17,96,83,54
2025-11-15,98,94,81
2024-09-14,93,82,91
2024-11-25,88,98,88
2024-12-22,92,84,98
2024-12-10,76,39,80
2025-06-23,88,60,82
2024-06-25,79,79,82
2026-03-25,84,79,97
2025-05-18,78,95,58
2025-03-22,94,82,91
2024-06-18,58,87,77
2024-06-25,94,76,80
2024-08-11,79,81,94
2025-02-01,49,94,82
2025-09-30,98,98,98
2026-04-05,74,90,99
2024-05-14,71,71,99
2025-11-20,71,96,90
2025-04-15,84,80,83
2025-11-02,91,88,58
2024-11-22,89,39,78
2024-06-17,88,95,77
2024-06-25,87,83,83
2026-01-07,70,75,88
2024-10-18,73,76,76
2024-10-19,96,27,93
2025-07-22,77,72,87
2025-10-10,77,95,77
2025-02-08,73,72,75
2025-07-14,85,95,86
2025-09-18,54,84,89
2025-04-30,76,92,98
2026-01-04,83,72,97
2025-10-21,75,92,90
2025-07-17,72,91,95
2026-03-17,92,82,77
2024-08-25,78,30,98
2024-08-03,87,89,85
2024-10-21,95,98,79
2025-08-31,93,90,98
2026-03-25,88,70,99
2025-07-10,85,88,95
2025-04-28,72,75,91
2025-02-27,48,76,80
2024-05-07,77,85,55
2025-07-10,98,78,78
2024-10-02,81,96,85
2026-03-28,98,93,86
2024-08-29,95,92,90
2024-10-11,98,92,97
2024-06-20,94,78,95
2025-10-18,82,72,86
2025-11-29,83,82,79
2025-12-07,90,94,89
2025-09-01,75,94,98
2025-06-27,73,81,95
2024-11-16,85,71,77
2024-11-10,97,89,78
2025-11-17,87,90,48
2025-02-19,98,30,83
2025-07-15,82,79,78
2024-08-27,94,78,96
2024-11-02,94,97,89
2025-04-08,94,76,83
2024-07-11,76,92,89
2025-08-04,88,88,93
2026-02-08,81,91,82
2025-08-01,84,87,85
2025-08-27,54,84,84
2025-08-27,74,95,84
2024-11-18,97,84,93
2025-10-12,87,94,87
2025-08-13,83,87,95
2024-06-19,89,75,92
2025-01-09,88,95,86
2026-02-15,79,90,82
2025-05-07,85,87,79
2025-06-13,70,77,79
2025-06-23,45,97,99
2025-01-13,83,84,83
2025-10-30,75,82,97
2024-10-15,91,76,97
2024-08-21,95,85,46
2025-06-23,82,72,86
2024-12-23,87,70,81
2025-10-26,36,79,79
2024-06-14,76,70,88
2024-09-27,83,87,78
2025-04-04,50,58,60
2026-04-01,81,92,51
2024-09-01,79,81,77
2024-09-26,91,98,90
2024-12-07,81,91,97
2026-02-22,48,79,90
2025-02-12,75,85,79
2025-04-29,70,95,77
2025-05-28,95,90,77
2025-08-23,72,96,86
2025-05-27,94,94,86
2024-06-18,85,91,98
2025-11-01,93,72,97
2025-02-22,78,82,94
2025-10-01,84,82,96
2025-11-10,83,74,81
2025-01-08,83,97,82
2025-01-12,91,86,78
2025-07-12,32,72,79
2024-06-23,90,90,90
2024-09-17,75,98,82
2024-05-02,95,71,51
2024-06-15,71,96,92
2026-02-20,72,82,79
2024-08-26,86,97,87
2026-03-30,85,78,80
2024-11-08,87,80,91
2025-06-15,75,45,78
2025-01-28,83,34,76
2025-05-22,77,84,98
2026-02-01,53,74,90
2025-01-17,97,80,78
2024-08-20,80,74,88
2024-04-25,95,77,87
2026-04-12,81,70,91
2024-05-25,97,73,81
2024-07-10,75,95,99
2024-11-17,94,31,97
2025-05-29,82,93,89
2025-03-01,80,87,93
2025-06-10,84,90,92
2025-06-19,94,94,79
2024-07-30,79,79,76
2025-06-27,90,94,90
2025-02-08,95,79,91
2026-01-30,98,81,48
2024-08-18,97,33,85
2025-04-26,90,83,93
2024-07-28,91,94,79
2026-04-19,85,75,86
2025-11-07,74,80,80
2024-06-24,34,76,90
2025-08-13,86,94,94
2025-05-23,70,94,91
2024-09-09,75,45,84
2026-01-02,71,70,98
2024-11-18,94,97,96
2024-07-13,83,73,94
2024-10-16,77,86,89
2024-12-08,79,92,95
2025-09-28,93,96,85
2024-11-20,84,87,98
2025-05-23,91,77,89
2025-09-08,72,79,90
2024-12-25,97,87,77
2026-04-19,87,82,80
2024-07-12,85,96,92
2025-10-07,85,94,75
2025-02-26,94,92,82
2024-04-30,32,78,95
2025-09-16,98,94,88
2025-04-07,82,84,86
2025-05-03,80,83,83
2024-11-29,77,98,99
2025-05-17,77,91,79
2026-03-08,80,73,81
2025-06-11,91,96,98
2025-06-30,85,80,82
2024-09-28,70,45,77
2025-06-06,78,91,75
2025-07-14,71,86,98
2025-05-21,92,91,86
2026-04-04,83,32,80
2026-03-15,77,87,53
2025-08-12,42,78,76
2025-04-07,80,85,95
2025-11-30,73,56,79
2025-07-21,78,72,86
2024-11-07,71,93,89
2026-04-10,78,80,84
2025-10-12,94,82,89
2026-02-14,82,84,97
2025-04-23,81,83,52
2024-11-27,74,40,92
2025-03-29,91,97,77
2025-12-06,82,55,99
2025-11-11,33,86,75
2025-01-02,78,76,88
2025-07-10,98,96,77
2025-09-17,43,33,94
2024-12-21,96,80,94
2024-10-03,84,86,78
2024-06-28,91,89,59
2024-12-04,83,78,85
2024-05-22,73,89,97
2025-07-09,79,78,84
2025-12-20,91,82,97
2025-06-27,83,90,85
2024-08-24,77,98,92
2025-06-22,80,96,77
2025-12-23,84,81,91
2024-05-13,84,79,96
2025-06-30,77,98,94
2024-09-28,34,85,76
2024-06-02,97,91,98
2025-03-18,82,94,40
2024-06-29,73,70,95
2025-07-25,81,76,96
2025-02-21,92,93,82
2026-01-04,98,90,75
2025-08-20,84,96,80
2024-11-22,32,94,84
2025-05-09,75,83,94
2025-03-29,80,78,76
2025-03-19,75,78,75
2025-06-18,93,80,75
2025-01-29,72,98,94
2025-02-20,82,58,82
2024-07-27,77,40,79
2025-11-12,73,94,90
2025-07-03,80,81,77
2026-04-18,83,82,97
2025-11-12,79,98,78
2024-09-29,93,91,99
2026-02-15,79,71,85
2024-04-28,82,91,78
2025-02-09,93,78,76
2024-12-11,73,81,63
2024-12-21,85,88,94
2025-01-28,80,82,75
2025-05-18,86,87,95
2024-12-31,73,82,96
2024-12-06,94,77,62
2024-08-06,90,96,76
2025-08-18,48,96,89
2025-01-12,52,88,96
2025-11-15,91,33,77
2025-11-03,83,88,83
2024-12-14,80,80,77
2024-11-23,81,80,78
2025-10-27,95,95,95
2025-05-15,94,84,79
2025-12-30,79,78,85
2025-03-13,47,72,62
2025-09-03,84,74,77
2025-03-21,87,84,95
2025-04-04,79,70,47
2024-10-04,87,88,51
2025-12-03,80,90,98
2025-10-19,75,87,57
2025-06-16,79,81,96
2025-09-26,72,84,96
2025-03-21,77,91,82
2025-08-24,51,97,86
2026-01-29,94,78,94
2025-09-27,72,74,94
2025-10-08,87,79,79
2024-05-02,74,72,95
2026-01-21,83,91,79
2024-04-27,81,70,78
2024-05-12,94,70,84
2025-05-14,75,86,80
2025-05-10,41,80,94
2025-03-07,84,77,81
2024-05-06,95,75,82
2024-08-08,54,97,83
2024-05-13,87,53,79
2024-07-22,80,93,94
2024-11-18,75,73,76
2025-09-09,84,93,99
2026-01-29,79,97,88
2025-05-30,92,84,86
2024-04-19,77,94,75
2025-10-12,81,55,47
2024-05-31,97,57,92
2025-03-23,96,55,94
2026-01-27,80,70,82
2025-10-29,83,77,84
2025-09-04,82,89,89
2025-07-03,46,87,88
2026-02-12,77,74,76
2025-02-23,93,91,83
2026-01-24,81,86,61
2024-08-14,83,93,97
2024-12-10,91,81,92
2025-08-12,90,70,98
2025-09-05,94,47,80
2025-08-21,92,70,99
2025-05-29,73,75,88
2024-09-10,80,84,93
2025-12-19,91,85,95
2026-01-13,94,51,82
2024-05-30,52,93,91
2024-10-01,76,84,86
2025-03-20,70,95,44
2026-02-18,77,81,91
2024-12-20,97,81,42
2026-02-05,76,73,91
2025-09-23,88,76,97
2025-02-14,85,74,42
2025-12-15,82,72,93
2024-11-11,97,92,78
2024-04-18,91,91,87
2026-04-07,72,76,81
2025-06-23,82,77,80
2024-06-11,83,87,95
2025-03-09,79,73,78
2024-07-01,89,86,46
2026-02-20,95,84,99
2024-09-29,72,88,51
2025-06-10,72,89,97
2025-09-15,86,79,82
2026-02-15,83,78,84
2025-11-06,78,80,77
2025-08-19,76,89,77
2025-03-08,70,86,98
2025-09-08,87,98,86
2024-10-06,91,82,77
2025-06-30,90,78,85
2025-06-27,76,97,90
2024-07-30,94,91,84
2026-03-20,79,71,85
2026-03-28,97,77,95
2024-05-18,91,48,98
2025-05-05,96,92,64
2024-08-05,84,84,76
2026-02-10,80,85,93
2025-07-23,91,94,93
2024-12-15,84,77,88
2024-04-26,93,81,87
2025-08-06,75,75,43
2025-10-24,81,88,89
2024-09-22,73,78,97
2024-09-15,71,94,96
2025-07-02,74,70,86
2025-04-22,89,53,91
2024-12-03,77,70,77
2025-08-29,83,84,85
2025-08-23,94,81,92
2025-04-17,45,87,75
2025-11-30,92,79,80
2024-08-03,92,94,94
2024-12-28,43,72,83
2024-08-02,94,98,75
2025-12-22,82,71,83
2025-02-11,89,94,93
2024-06-20,35,37,78
2024-10-10,85,91,97
2025-10-28,92,97,88
2025-11-17,89,97,94
2025-07-20,74,97,93
2025-09-09,92,73,40
2025-05-26,90,88,75
2024-08-08,98,91,89
2025-07-14,77,96,92
2025-10-28,72,93,87
2024-11-17,84,76,76
2024-06-26,80,45,87
2025-01-09,52,88,87
2025-02-09,80,81,84
2026-01-02,79,84,76
2024-04-23,60,36,83
2025-06-30,75,77,82
2024-12-30,84,94,84
2024-05-06,78,36,81
2025-12-18,92,89,87
2024-10-22,75,96,91
2025-01-13,94,84,87
2024-06-01,71,74,83
2024-09-13,35,83,77
2025-08-04,71,74,94
2025-05-24,59,79,75
2026-02-03,76,83,79
2025-07-22,73,81,87
2026-04-06,91,85,80
2026-03-22,87,77,96
2025-06-20,89,79,75
2024-10-07,97,90,76
2025-08-16,86,34,85
2025-03-24,75,77,91
2025-08-17,86,70,93
2024-06-29,93,77,43
2025-05-10,77,95,83
2024-11-26,77,44,84
2024-09-18,58,91,86
2025-04-26,90,81,90
2024-04-29,81,87,77
2025-04-01,97,81,89
2024-10-22,84,79,93
2024-11-30,72,75,80
2024-10-30,73,84,75
2025-03-07,74,92,92
2025-07-05,73,84,83
2024-05-06,82,95,81
2024-10-28,98,74,88
2025-12-27,75,93,79
2024-07-05,72,93,97
2024-10-02,75,38,94
2025-12-05,78,41,95
2025-06-19,91,84,79
2024-08-01,73,84,89
2024-11-10,98,85,88
2024-04-22,90,77,76
2025-04-07,84,28,76
2025-08-06,78,76,78
2025-10-22,95,98,75
2024-10-06,72,41,78
2024-06-17,91,75,91
2025-05-23,98,96,97
2025-11-22,74,83,90
2025-12-19,86,90,99
2026-03-07,91,75,76
2026-02-21,47,89,92
2025-10-27,89,76,98
2025-05-01,77,88,94
2026-01-31,84,80,93
2025-11-10,89,94,96
2024-05-29,79,38,82
2025-01-22,88,96,90
2025-08-26,85,86,92
2025-06-23,87,79,99
2024-10-22,70,57,90
2024-09-16,86,28,88
2025-01-18,88,86,91
2025-08-10,93,97,87
2024-10-07,70,86,88
2026-02-16,91,86,98
2025-10-03,90,97,93
2025-10-05,88,78,95
2025-10-01,96,43,78
2024-06-01,73,81,91
2025-10-07,98,73,87
2025-04-02,49,90,78
2024-06-05,81,75,85
2025-07-29,47,83,81
2024-05-08,78,91,85
2025-08-11,91,86,78
2024-08-19,97,98,83
2025-09-09,76,74,80
2024-07-23,98,98,76
2025-07-27,75,29,76
2025-05-22,76,85,87
2025-06-09,88,86,96
2026-02-26,79,72,95
2025-07-07,77,59,76
2025-05-25,70,75,79
2024-12-24,87,74,97
2024-10-10,70,76,53
2026-03-17,93,89,96
2026-01-03,93,75,87
2025-02-18,76,73,97
2024-05-14,98,80,76
2024-10-11,95,75,94
2024-06-29,86,82,95
2024-05-26,74,76,77
2026-01-21,74,91,77
2025-09-27,87,85,99
2024-10-19,95,83,93
2025-10-13,94,75,98
2025-06-15,84,94,98
2025-03-21,70,82,83
2025-05-30,78,53,94
2024-05-17,94,25,90
2025-09-18,88,94,79
2025-01-14,91,87,92
2026-04-02,97,76,49
2025-05-05,32,43,77
2024-11-22,75,83,95
2026-02-03,92,90,86
2025-06-10,76,54,96
2024-12-21,79,70,60
2025-12-14,80,93,95
2024-06-06,97,91,88
2025-11-11,81,88,82
2025-10-12,88,75,41
2024-11-19,71,83,83
2026-03-23,73,96,75
2024-08-19,96,89,96
2025-03-21,89,87,98
2024-12-06,98,80,98
2025-10-22,98,88,99
2025-01-07,72,46,85
2024-05-18,80,27,79
2025-06-05,75,94,94
2024-06-01,96,71,90
2024-09-02,77,73,82
2025-04-06,92,30,87
2025-01-11,77,78,96
2025-12-03,78,73,96
2026-02-19,71,96,59
2026-02-02,85,84,75
2025-01-28,90,92,93
2026-03-01,78,53,91
2025-01-26,95,88,84
2024-06-14,77,90,79
2024-05-18,86,70,81
2025-07-30,73,29,82
2024-10-22,41,89,89
2024-09-27,96,58,56
2024-07-10,81,94,48
2025-10-30,75,73,80
2026-01-24,75,60,81
2024-10-20,78,76,99
2025-01-30,33,73,77
2026-04-05,92,92,96
2026-03-26,97,77,92
2024-11-08,80,77,48
2025-11-29,42,85,98
2026-04-04,40,93,93
2026-01-23,45,95,86
2025-12-13,45,87,84
2025-10-29,81,75,88
2025-09-10,79,48,92
2025-12-07,83,87,92
2024-11-03,87,95,79
2025-12-14,88,71,77
2024-07-01,76,49,76
2025-01-23,82,80,77
2025-03-22,82,75,78
2024-06-13,72,94,87
2024-07-03,79,37,65
2024-09-02,81,76,82
2025-02-21,78,97,92
2025-07-18,45,85,75
2024-12-10,77,73,98
2024-07-12,93,82,64
2025-07-18,96,73,90
2024-09-02,38,78,84
2024-11-11,90,92,81
2024-06-30,51,77,91
2025-05-13,93,74,93
2026-03-08,83,49,80
2026-03-05,90,96,83
2024-10-03,73,76,83
2025-08-19,87,94,92
2025-04-19,94,79,83
2025-07-11,73,45,76
2024-06-14,78,86,85
2025-06-14,92,32,87
2024-10-11,88,75,76
2024-06-29,58,88,85
2025-08-18,89,88,84
2024-05-11,82,83,46
2024-06-21,83,74,97
2025-01-21,92,91,99
2024-12-07,88,86,91
2025-10-25,92,84,83
2025-08-21,75,27,84
2024-07-11,73,75,45
2025-07-13,81,73,91
2024-10-05,74,94,99
2025-11-22,73,89,62
2025-08-23,83,83,92
2025-01-22,94,87,97
2024-12-31,96,77,47
2025-09-09,81,80,99
2025-12-13,98,71,96
2026-03-26,75,80,90
2025-03-28,90,59,90
2024-06-02,78,88,84
2025-10-12,95,74,93
2024-07-27,86,94,92
2024-11-03,96,94,78
2025-05-17,87,94,93
2026-03-28,92,91,89
2025-08-23,72,78,89
2024-12-23,73,76,90
2024-06-19,88,70,47
2025-05-15,89,72,75
2025-12-16,93,96,48
2025-02-28,86,91,78
2026-04-05,96,95,90
2024-11-17,90,29,51
2024-05-12,58,78,76
2025-03-03,97,80,81
2024-06-24,82,83,80
2025-06-06,97,75,51
2025-10-05,90,93,87
2025-08-01,87,75,97
2025-05-26,85,82,81
2025-11-18,77,74,88
2024-12-24,85,95,87
2025-10-16,80,94,76
2025-06-18,82,96,98
2024-05-27,56,81,75
2024-08-21,98,83,95
2025-10-11,98,76,85
2025-07-21,82,79,78
2025-12-07,93,74,83
2024-12-27,83,84,85
2024-05-25,38,78,91
2025-03-07,84,98,95
2024-06-29,94,82,78
2025-12-14,74,87,86
2025-07-01,89,93,79
2024-10-01,59,78,54
2026-01-26,86,72,77
2026-01-12,96,84,75
2026-01-01,90,30,94
2024-08-08,82,82,77
2025-02-23,96,76,77
2026-01-05,76,91,99
2025-10-14,86,78,79
2024-12-26,42,79,95
2024-04-23,33,86,94
2026-01-27,86,81,90
2024-05-19,82,89,90
2025-09-05,86,95,95
2024-10-14,81,88,87
2025-07-13,95,59,85
2024-08-09,84,95,86
2025-10-30,75,93,88
2025-02-12,88,44,40
2024-11-21,82,80,77
2025-12-09,84,73,90
2024-04-19,97,87,92
2024-07-15,39,92,98
2025-01-19,95,97,83
2025-11-27,58,93,48
2024-12-06,85,72,84
2024-06-24,70,97,87
2024-11-25,74,91,82
2026-01-02,39,86,98
2025-02-03,51,83,84
2024-06-25,95,90,88
2025-08-28,90,72,40
2024-05-27,85,60,65
2024-12-23,96,88,78
2025-10-19,90,93,96
2024-08-09,77,75,87
2024-04-22,76,96,60
2025-10-05,89,89,83
2024-05-15,85,71,88
2025-12-13,72,73,95
2024-07-31,58,75,95
2024-07-05,93,81,76
2024-12-09,39,95,93
2024-12-27,85,98,48
2025-06-07,86,82,77
2026-02-15,52,36,42
2025-08-09,77,93,81
2025-11-13,90,73,75
2025-10-02,84,78,93
2024-12-14,46,54,83
2025-10-24,98,80,99
2025-08-21,76,96,91
2025-11-30,80,80,78
2025-03-04,81,84,87
2024-07-27,72,76,84
2026-04-10,80,90,91
2026-04-07,70,74,86
2024-09-16,70,87,45
2025-10-23,88,92,81
2025-08-17,83,74,61
2024-11-26,72,84,91
2025-06-28,93,79,85
2025-07-15,84,98,75
2025-06-07,95,73,75
2025-04-23,71,96,92
2025-06-29,86,93,89
2025-11-01,72,97,83
2024-12-31,70,94,82
2025-05-14,95,28,85
2024-10-17,98,78,60
2024-12-01,48,71,81
2025-08-10,75,94,86
2024-09-26,70,94,98
2025-01-21,88,97,85
2025-08-31,79,93,88
2025-01-20,88,91,93
2024-10-25,87,94,82
2024-05-06,80,82,98
2024-04-21,96,70,59
2024-09-06,77,73,98
2024-06-10,90,91,90
2025-05-23,89,81,87
2024-06-13,93,88,79
2026-01-25,93,79,82
2025-03-27,87,98,86
2025-02-26,94,95,99
2025-01-18,73,31,97
2025-10-23,85,60,90
2026-03-13,75,91,88
2026-01-28,89,53,62
2024-11-21,97,88,78
2025-09-01,75,35,51
2024-06-08,93,45,57
2024-08-17,88,95,86
2025-06-23,79,75,94
2024-12-16,98,93,79
2026-01-14,94,79,75
2025-04-16,72,98,76
2026-01-01,97,79,77
2025-12-20,72,73,91
2025-10-30,60,70,94
2024-12-16,90,80,99
2024-09-12,91,76,77
2026-03-25,85,78,79
2025-02-27,42,82,81
2026-01-28,94,91,87
2025-05-14,91,75,96
2024-10-01,78,76,93
2024-06-12,74,90,78
2026-03-06,90,88,86
2024-09-25,90,71,87
2024-10-30,82,89,75
2025-05-24,58,75,79
2026-03-16,91,75,64
2024-06-29,89,79,83
2025-09-15,79,80,80
2024-11-02,96,25,84
2024-07-13,78,88,85
2024-08-12,75,39,77
2025-11-18,86,92,99
2024-08-02,83,90,89
2024-12-13,34,90,77
2025-09-24,89,89,81
2025-11-13,94,71,94
2026-03-08,57,84,83
2026-02-15,85,83,95
2025-09-04,78,74,80
2026-01-09,81,77,82
2026-01-19,87,42,79
2025-05-08,74,87,40
2025-11-10,80,83,84
2024-05-17,85,74,98
2025-07-15,98,94,82
2024-12-08,72,73,48
2026-04-14,80,77,93
2026-02-17,80,80,94
2026-01-01,77,88,93
2025-08-29,75,82,79
2026-03-09,70,89,92
2024-09-08,84,98,95
2025-08-30,81,46,91
2024-09-10,79,96,63
2024-06-03,79,25,93
2025-01-14,72,96,80
2024-05-28,96,93,86
2024-11-15,92,73,81
2025-02-11,96,93,99
2024-09-17,97,81,86
2026-03-06,78,75,46
2024-04-20,98,79,98
2024-07-24,37,84,84
2025-08-29,97,95,92
2024-10-12,94,76,88
2026-03-23,75,97,92
2025-09-10,90,96,86
2026-02-25,84,75,75
2024-12-12,85,80,76
2026-02-04,97,83,90
2024-11-14,74,73,77
2025-09-26,86,92,90
2025-03-12,70,86,84
2025-06-06,70,81,92
2025-10-30,97,79,86
2026-01-02,75,77,91
2024-08-01,78,72,84
2025-04-26,82,92,96
2025-03-04,87,82,75
2025-06-22,85,81,85
2025-04-13,74,83,78
2024-07-27,45,74,97
2025-01-12,83,96,97
2024-06-15,44,85,98
2025-06-06,98,74,82
2026-03-23,88,80,80
2026-04-05,80,90,96
2025-02-23,76,86,88
2026-01-16,96,88,76
2024-11-19,94,97,80
2025-12-31,97,74,88
2025-06-02,82,89,76
2025-08-28,96,97,78
2024-06-16,97,36,97
2025-09-28,76,84,90
2025-12-14,97,92,78
2025-09-02,90,30,79
2025-12-13,84,98,42
2025-06-23,76,30,99
2025-12-22,70,92,83
2025-05-29,87,88,93
2024-10-11,94,58,96
2025-06-26,82,95,78
2025-08-17,73,98,90
2025-02-13,70,79,87
2024-04-21,83,81,96
2026-02-14,73,83,86
2025-12-16,30,83,42
2025-06-17,86,72,93
2026-03-29,97,75,95
2024-05-27,39,47,96
2026-04-05,98,89,90
2026-01-20,87,95,95
2025-11-15,31,75,90
2025-04-21,75,94,75
2024-07-27,77,70,84
2025-08-19,84,92,82
2024-12-30,86,30,88
2025-11-16,79,75,87
2025-03-15,87,98,83
2024-04-30,87,81,95
2025-08-26,79,98,91
2025-07-25,85,90,85
2025-03-12,83,95,86
2026-04-04,91,71,90
2025-04-29,85,94,47
2024-07-30,95,45,78
2025-06-04,76,93,40
2025-08-16,81,95,81
2025-08-19,95,76,65
2024-08-13,50,71,97
2026-02-23,89,95,89
2026-02-24,73,80,98
2024-04-19,94,71,95
2025-05-17,92,74,89
2026-02-19,83,89,94
2025-03-25,77,71,91
2024-07-25,89,93,91
2026-03-20,94,76,93
2024-08-19,75,88,79
2024-06-14,58,95,77
2025-06-14,85,89,82
2026-03-30,78,86,98
2025-07-26,95,94,78
2025-10-10,30,74,44
2024-11-09,83,93,65
2025-12-18,82,28,80
2025-03-19,95,79,93
2024-07-19,94,76,90
2025-03-30,36,25,79
2024-05-15,97,97,63
2024-05-24,95,81,86
2024-10-27,48,75,88
2024-09-30,45,94,89
2025-08-22,94,79,82
2025-04-30,95,95,93
2025-08-19,83,97,83
2025-02-03,74,75,81
2025-04-30,94,95,78
2026-02-15,89,90,90
2025-04-28,70,34,83
2024-11-10,78,72,91
2025-04-25,77,73,87
2025-08-02,80,98,80
2025-02-14,81,92,92
2024-07-09,83,71,97
2024-12-08,84,80,94
2026-01-15,94,86,96
2025-11-11,98,71,77
2024-06-08,86,71,89
2024-08-12,90,84,79
2025-11-17,83,81,48
2025-06-17,78,80,82
2025-09-24,83,93,76
2025-02-23,87,90,90
2024-09-28,76,85,78
2024-07-18,92,97,95
2025-05-15,78,87,77
2025-06-15,83,77,63
2024-05-06,73,95,96
2024-11-18,88,88,90
2025-01-21,37,82,51
2024-09-22,81,93,97
2026-02-24,83,48,77
2026-03-09,77,87,82
2024-12-08,94,98,98
2026-02-01,87,83,89
2025-03-06,93,75,88
2024-10-22,35,32,44
2026-02-23,81,75,91
2025-09-12,78,86,75
2024-08-27,81,60,91
2024-04-25,86,89,98
2025-11-24,98,85,79
2024-08-26,83,26,85
2026-01-19,70,75,77
2025-04-30,76,77,62
2025-02-13,87,29,98
2024-12-15,92,75,86
2024-11-26,76,84,82
2025-10-12,87,71,93
2025-02-01,82,93,80
2025-12-14,73,88,77
2025-11-23,88,92,87
2024-08-29,89,28,86
2025-07-27,88,83,89
2025-03-09,84,90,88
2025-10-22,85,95,56
2025-12-16,30,78,83
2025-05-04,70,98,96
2025-08-30,93,73,91
2025-02-17,75,86,77
2024-05-17,96,73,58
2025-05-05,71,95,92
2025-05-22,93,98,87
2025-04-27,97,90,94
2025-02-02,98,88,99
2025-11-12,91,48,84
2025-08-02,81,94,92
2024-04-30,38,77,82
2025-01-09,93,78,85
2025-04-17,59,92,77
2024-10-09,78,74,97
2024-08-07,81,97,94
2024-05-08,88,78,79
2024-08-14,98,78,75
2026-02-17,83,77,86
2024-07-03,81,25,76
2025-02-14,97,77,52
2025-11-18,98,93,81
2024-12-15,84,26,90
2025-11-18,73,79,92
2024-06-12,78,92,93
2024-09-22,79,74,76
2026-01-17,98,78,88
2026-01-20,86,80,97
2026-01-09,97,50,52
2024-10-19,85,83,89
2024-10-14,73,88,78
2026-03-10,73,74,93
2026-02-02,91,79,88
2025-11-08,85,82,56
2026-02-01,70,91,88
2026-02-27,44,91,90
2024-08-09,80,75,81
2026-04-01,84,94,89
2024-12-01,77,92,94
2025-06-13,76,74,90
2026-01-27,87,31,77
2025-09-20,96,91,81
2025-01-15,83,90,89
2025-10-03,73,74,78
2024-08-15,74,82,91
2024-05-11,73,56,77
2025-01-13,73,73,78
2025-09-30,98,73,92
2024-07-18,96,36,99
2024-05-14,71,80,80
2024-11-22,86,86,81
2024-12-14,80,91,83
2025-07-26,84,81,43
2024-07-27,91,77,99
2025-07-17,71,73,88
2025-10-29,34,79,78
2025-08-07,74,77,81
2024-06-03,92,79,95
2025-05-10,85,84,98
2024-07-17,94,93,94
2025-09-21,94,74,83
2024-05-20,83,85,95
2025-07-04,90,72,83
2024-12-22,94,81,82
2024-11-20,75,60,99
2025-12-20,93,84,88
2025-09-15,91,75,90
2024-07-04,77,82,88
2026-04-08,95,84,82
2024-06-26,31,94,75
2024-10-19,71,94,46
2025-05-06,87,77,75
2025-10-08,72,85,81
2025-11-09,82,35,89
2025-10-13,78,91,88
2025-08-11,93,81,97
2024-08-20,93,89,89
2024-07-21,82,91,79
2025-12-16,78,73,81
2025-11-23,36,89,98
2025-09-19,83,89,75
2024-05-22,80,84,85
2024-10-25,96,90,93
2026-04-06,71,45,90
2025-03-26,70,30,82
2025-11-12,31,77,88
2026-03-19,72,82,90
2024-09-29,95,70,85
2025-06-04,34,73,83
2025-10-30,78,92,85
2025-03-03,70,82,95
2025-11-15,96,89,47
2024-10-05,35,73,86
2025-06-13,79,76,85
2025-12-29,98,82,80
2025-11-16,91,80,76
2024-06-14,88,98,85
2025-02-14,83,40,89
2025-02-24,85,94,85
2025-09-30,80,77,84
2025-02-21,88,74,93
2026-02-12,78,43,82
2026-01-30,83,90,65
2024-06-07,90,76,89
2025-05-14,85,83,77
2025-02-05,74,89,92
2024-11-29,98,91,99
2024-11-29,86,31,84
2025-08-14,70,45,86
2026-01-17,95,89,78
2026-02-05,87,86,99
2024-09-02,86,80,79
2024-12-15,95,73,82
2024-11-24,88,82,95
2025-03-10,36,71,84
2025-05-14,72,91,87
2025-07-07,76,93,87
2025-06-18,82,94,98
2024-12-14,84,78,75
2024-11-19,72,76,86
2025-12-07,90,89,77
2026-01-24,88,85,79
2025-11-12,98,31,83
2025-10-08,93,52,81
2025-05-14,85,78,90
2025-09-20,90,84,87
2025-08-10,86,92,83
2026-01-22,94,70,53
2025-02-21,83,86,82
2024-07-10,70,88,84
2025-07-31,89,85,43
2024-04-25,97,86,80
2024-11-12,81,93,76
2024-05-13,94,91,96
2024-08-30,79,96,96
2025-04-01,79,75,78
2025-04-29,73,78,79
2026-01-08,74,92,89
2025-04-25,89,87,51
2026-03-23,71,31,63
2024-07-28,87,75,88
2025-03-10,85,73,75
2025-05-21,70,87,78
2025-12-08,94,76,78
2026-02-01,75,76,80
2025-07-16,95,89,92
2024-12-01,89,70,91
2024-12-25,97,60,97
2025-04-28,74,72,81
2025-11-09,88,76,99
2024-06-23,97,89,96
2025-02-23,59,85,89
2024-09-11,98,71,91
2024-05-16,82,92,99
2024-09-27,72,81,80
2026-02-20,92,39,41
2025-01-04,87,86,89
2026-01-24,74,34,76
2026-01-23,74,98,81
2024-10-20,77,76,80
2024-08-15,74,74,92
2025-08-10,80,96,88
2025-02-03,90,98,94
2024-10-18,77,92,98
2025-12-18,74,75,81
2025-12-27,52,82,84
2024-07-20,58,72,98
2025-08-12,54,71,88
2025-12-28,88,97,89
2025-04-28,76,84,80
2025-08-13,70,79,64
2025-12-06,59,43,86
2024-09-18,85,39,90
2024-12-24,73,76,82
2025-10-18,87,91,81
2025-08-07,97,87,80
2025-08-19,76,91,83
2025-10-02,80,83,95
2024-07-27,71,83,93
2025-02-16,95,88,76
2025-09-05,84,60,62
2025-11-07,86,97,76
2025-05-17,50,77,79
2025-11-16,83,87,57
2025-11-20,98,82,88
2025-10-19,79,74,91
2024-12-06,76,76,75
2024-09-24,71,72,99
2025-08-07,97,86,75
2026-01-28,71,90,89
2025-02-01,72,71,99
2024-12-24,85,71,44
2024-12-13,87,90,85
2026-01-12,94,83,87
2024-08-12,79,84,97
2025-04-18,84,77,82
2026-04-13,98,92,88
2025-07-21,73,73,90
2026-02-24,88,92,94
2024-08-16,85,94,90
2026-02-09,81,88,43
2024-12-25,88,85,81
2026-03-15,85,57,90
2024-05-05,71,84,98
2025-11-23,72,43,98
2025-04-13,90,25,95
2026-03-09,80,98,75
2025-01-16,77,40,92
2025-06-30,36,85,95
2026-01-08,39,78,89
2024-11-06,76,89,84
2024-05-28,74,71,83
2026-04-08,89,73,89
2025-09-25,71,87,96
2025-08-02,75,84,81
2025-03-02,76,94,85
2024-05-08,42,90,75
2025-06-19,97,87,87
2024-06-14,83,79,79
2025-07-01,87,83,75
2025-10-27,84,76,82
2025-10-27,80,86,76
2024-10-29,79,81,77
2025-06-05,89,84,56
2024-09-13,49,82,79
2024-05-12,70,78,95
2024-11-18,71,85,96
2025-04-02,81,74,89
2025-10-29,95,81,84
2025-12-18,98,96,95
2025-08-09,75,31,88
2025-01-16,93,74,96
2026-04-02,79,94,99
2025-07-13,89,85,86
2024-11-30,73,48,94
2025-02-16,76,81,97
2026-04-08,60,84,80
2025-06-06,97,35,99
2024-06-29,72,79,97
2025-12-09,88,83,81
2024-10-19,85,98,95
2025-03-25,48,34,91
2025-10-26,96,85,85
2024-05-13,84,84,87
2025-11-11,98,78,94
2025-09-18,74,76,97
2024-09-01,92,90,97
2025-10-07,80,75,82
2024-09-30,84,93,80
2025-10-19,83,75,83
2025-04-17,87,77,92
2025-02-20,35,70,82
2024-06-30,80,75,75
2025-12-12,97,81,78
2025-03-16,97,72,81
2024-12-24,73,74,78
2024-07-29,89,92,58
2025-11-18,91,76,89
2025-04-07,83,41,85
2026-01-15,90,94,76
2024-07-30,92,51,84
2024-09-12,93,92,92
2025-08-30,78,90,94
2024-06-13,78,98,49
2025-12-06,85,71,77
2026-02-14,76,74,84
2024-08-05,93,45,96
2026-01-04,93,80,81
2025-07-13,86,83,82
2025-02-22,83,89,99
2025-02-12,91,95,95
2025-10-16,81,37,83
2025-05-21,87,73,91
2025-05-13,72,71,79
2026-03-11,85,77,99
2024-08-06,75,79,93
2024-08-17,83,83,90
2025-01-20,82,97,95
2024-10-11,82,82,88
2025-01-10,97,74,88
2024-04-29,77,87,82
2024-06-07,97,83,80
2025-03-14,91,94,85
2024-11-06,71,95,76
2025-02-04,30,87,86
2026-03-10,70,79,92
2025-08-20,50,83,97
2025-01-25,91,92,80
2025-12-05,91,90,56
2025-06-26,95,76,75
2026-04-05,95,93,97
2025-01-07,76,97,89
2024-05-29,89,51,85
2025-08-31,90,86,89
2025-03-07,71,96,91
2025-07-12,86,89,99
2024-06-14,93,33,98
2025-08-20,90,88,96
2025-10-14,92,97,77
2026-03-12,93,95,84
2025-09-25,79,95,97
2025-04-17,35,73,85
2026-04-18,78,81,98
2025-08-10,72,94,77
2026-02-24,89,79,96
2025-03-23,95,72,82
2024-10-25,70,85,83
2024-11-13,84,86,96
2025-01-11,88,92,97
2025-03-20,98,89,95
2025-08-07,87,92,79
2025-07-30,83,87,95
2025-09-21,41,73,78
2025-06-02,88,73,88
2025-08-20,88,31,83
2024-08-14,71,77,93
2025-12-05,98,76,90
2025-08-28,89,78,85
2026-01-28,97,84,80
2026-02-20,77,80,97
2025-10-08,74,71,84
2024-05-29,74,83,77
2025-12-02,97,71,58
2026-01-02,81,83,77
2026-01-12,91,84,93
2025-04-15,97,97,75
2024-06-21,92,52,85
2025-10-21,89,79,92
2024-12-13,93,82,99
2026-01-07,80,79,77
2024-07-21,73,76,79
2025-04-22,95,91,98
2026-01-07,85,86,85
2025-05-17,95,87,84
2025-06-07,93,94,87
2024-10-15,74,96,93
2026-02-19,93,95,85
2024-08-01,82,74,77
2024-10-28,94,71,87
2024-11-04,77,87,79
2024-05-27,91,91,97
2025-06-08,75,75,88
2025-10-20,70,36,79
2025-01-17,83,84,60
2024-04-29,77,89,92
2025-05-19,82,81,82
2025-10-27,70,79,97
2024-09-05,91,54,89
2026-02-17,98,83,78
2025-05-15,80,78,97
2025-11-07,76,85,89
2025-10-06,75,95,94
2025-11-22,74,81,85
2026-03-21,98,78,95
2025-02-19,95,77,40
2024-10-05,88,93,99
2025-07-25,89,35,87
2026-01-01,46,93,79
2025-01-08,71,93,92
2025-07-20,53,88,81
2025-07-21,94,53,86
2026-02-07,76,98,89
2024-12-20,70,83,56
2024-07-02,80,33,87
2025-10-07,79,82,84
2025-08-06,75,79,98
2025-11-12,86,96,85
2024-07-01,91,90,81
2026-01-11,73,70,89
2024-05-03,89,84,98
2024-09-20,71,86,76
2024-08-24,86,96,95
2025-05-12,81,55,40
2025-03-19,71,78,83
2025-09-01,94,73,75
2025-05-30,95,98,99
2026-04-09,89,97,77
2024-08-18,82,97,77
2024-07-15,72,76,80
2025-11-13,73,98,80
2024-10-19,78,94,78
2025-12-30,82,96,89
2025-06-05,73,86,75
2026-02-16,98,97,92
2026-03-25,33,93,83
2024-05-17,83,87,44
2024-06-10,94,94,99
2025-08-03,83,77,88
2024-11-06,36,72,84
2025-04-12,98,52,83
2024-11-20,39,72,52
2025-07-03,71,92,94
2026-01-05,81,77,90
2025-06-13,72,87,42
2025-06-16,82,34,76
2024-07-19,95,84,86
2024-09-09,83,40,90
2025-06-08,97,95,92
2025-12-12,83,83,82
2025-08-28,79,70,92
2025-09-27,82,94,76
2024-12-02,96,72,93
2025-11-07,84,91,97
2025-05-20,84,75,79
2026-01-01,85,73,48
2026-01-16,36,70,88
2024-09-02,85,82,95
2026-02-18,82,84,87
2025-08-03,87,86,95
2025-10-25,94,85,97
2024-08-27,78,88,95
2024-05-09,90,35,87
2024-06-07,96,83,91
2026-03-27,87,95,78
2025-04-23,95,95,96
2025-08-15,94,71,78
2024-10-07,87,86,92
2026-03-12,71,86,65
2025-11-12,88,81,98
2024-10-19,73,80,81
2025-12-04,55,77,85
2025-11-22,51,97,75
2025-06-13,89,36,99
2024-10-26,78,35,85
2025-09-25,87,95,89
2024-10-05,79,83,49
2024-05-27,82,95,90
2025-09-30,93,75,95
2025-05-21,92,42,98
2024-10-22,85,76,90
2026-02-27,98,73,84
2025-07-30,92,53,79
2025-10-01,89,96,78
2025-05-16,80,80,88
2024-09-13,79,43,98
2024-08-01,77,82,84
2026-03-29,72,82,83
2024-12-06,76,72,85
2024-04-26,72,85,87
2025-03-10,89,77,79
2024-12-26,80,71,75
2024-11-14,78,92,98
2024-04-28,83,93,86
2024-11-12,43,90,86
2026-03-11,87,30,51
2025-03-22,74,96,93
2025-02-09,82,84,88
2025-04-04,76,83,86
2025-12-26,72,81,81
2025-06-11,47,60,99
2025-11-07,96,79,59
2025-11-20,77,97,75
2024-12-21,98,72,83
2025-02-24,83,85,86
2026-02-23,74,79,91
2025-03-10,94,93,90
2025-08-26,93,96,93
2025-10-05,95,90,86
2024-06-20,86,84,87
2026-03-05,82,88,98
2025-04-18,89,45,87
2025-03-21,91,97,53
2025-08-30,84,79,85
2025-10-26,72,83,99
2025-12-05,75,86,97
2026-03-13,70,80,98
2024-10-26,52,94,78
2026-01-26,73,93,98
2024-10-04,73,85,89
2026-02-25,93,92,85
2024-08-24,98,84,80
2025-06-14,87,37,88
2026-02-20,89,41,87
2024-07-25,75,95,76
2025-01-07,75,82,86
2025-04-12,80,80,89
2024-07-09,98,75,80
2025-03-26,98,75,91
2025-11-05,96,84,61
2024-05-16,75,84,97
2024-08-15,76,92,76
2024-10-15,44,31,75
2026-01-30,82,98,96
2026-01-28,96,98,99
2025-08-29,47,73,87
2024-05-01,86,71,95
2025-06-10,82,97,76
2025-09-18,88,81,86
2024-11-20,87,77,92
2025-10-22,84,76,99
2024-12-04,98,93,96
2025-08-31,75,85,56
2024-07-08,97,86,82
2025-05-29,74,94,75
2025-06-28,72,70,99
2025-12-14,98,87,99
2024-07-04,96,94,85
2026-01-14,70,93,79
2025-03-18,76,93,93
2026-02-13,71,96,83
2024-04-21,95,84,99
2024-06-22,82,98,75
2025-01-02,87,56,87
2025-01-06,75,73,99
2025-03-15,80,89,92
2025-04-01,75,80,92
2026-03-31,91,77,80
2026-03-30,94,77,86
2025-08-11,82,96,87
2025-10-09,97,98,82
2025-03-15,85,92,88
2025-11-11,71,82,97
2025-10-28,78,92,96
2025-03-11,53,93,82
2026-03-01,82,47,84
2025-06-15,90,73,84
2025-06-05,74,81,80
2025-10-06,70,88,88
2025-06-02,74,83,92
2025-02-06,77,94,80
2024-10-25,98,49,78
2024-05-14,89,94,95
2024-09-20,70,72,86
2024-11-19,73,76,47
2025-11-02,88,82,99
2024-07-18,35,89,95
2025-06-25,78,78,89
2025-09-21,74,78,86
2025-04-05,96,85,87
2025-04-02,95,97,99
2025-02-07,78,97,97
2025-05-16,85,78,98
2024-05-21,78,74,77
2024-07-15,83,88,84
2026-03-17,77,47,88
2025-09-23,75,88,82
2025-04-21,89,91,81
2026-01-25,96,36,92
2024-07-25,98,78,83
2024-12-11,72,70,89
2024-11-25,94,80,93
2026-03-10,97,95,99
2025-08-30,32,94,99
2024-05-29,94,89,91
2026-01-08,86,89,99
2025-07-10,86,74,82
2025-09-11,75,75,83
2025-07-28,94,26,95
2025-07-17,79,78,43
2024-05-06,90,87,86
2025-06-24,75,82,86
2024-10-19,81,48,82
2025-03-27,92,91,77
2026-01-09,57,75,98
2024-07-28,91,93,94
2025-08-09,71,96,89
2025-07-15,37,87,84
2026-02-26,97,95,75
2024-05-11,83,92,79
2026-01-31,78,94,83
2024-05-22,96,28,92
2025-12-23,74,92,89
2024-08-03,81,91,99
2025-10-10,80,77,84
2025-10-16,80,90,93
2024-08-08,77,75,92
2025-10-23,76,70,94
2025-08-11,71,74,75
2025-03-06,80,96,99
2024-07-17,94,79,54
2025-08-28,73,83,77
2025-09-19,82,88,92
2025-10-07,72,92,79
2026-02-12,90,81,90
2025-12-05,86,85,79
2025-08-13,86,76,75
2024-12-12,82,78,95
2025-10-26,72,71,88
2025-02-28,79,90,90
2024-12-18,51,87,85
2025-04-27,71,94,80
2025-12-12,77,97,47
2026-03-30,49,40,85
2025-05-25,74,87,80
2026-02-02,91,53,80
2024-06-06,81,85,92
2024-08-03,82,94,96
2024-05-20,95,78,98
2025-12-18,91,97,75
2024-04-22,95,34,99
2025-10-10,79,98,88
2024-10-02,94,70,77
2024-05-20,83,75,77
2026-01-20,74,92,89
2026-04-01,93,81,78
2024-04-23,71,86,77
2025-09-01,82,70,59
2026-01-23,92,73,91
2025-04-01,83,95,87
2024-05-15,41,78,94
2024-05-22,79,74,90
2025-12-12,77,86,83
2025-08-22,76,75,99
2025-11-24,74,83,82
2025-07-14,80,75,76
2024-11-18,83,76,86
2025-08-18,79,72,78
2026-03-05,71,79,77
2026-03-02,81,72,89
2024-10-28,77,74,82
2024-09-25,78,98,96
2025-02-16,78,72,83
2024-06-07,80,83,76
2026-01-08,85,79,85
2026-04-17,78,88,86
2024-04-23,98,70,77
2024-09-20,85,82,82
2025-05-28,83,89,77
2024-04-18,91,75,95
2024-08-17,80,98,99
2025-11-28,80,74,87
2024-05-12,94,72,42
2026-02-06,97,71,83
2025-07-01,90,90,77
2025-06-21,83,76,89
2025-06-24,98,94,79
2026-04-05,84,88,91
2025-06-23,74,78,93
2025-11-17,81,72,78
2025-04-26,91,86,90
2024-10-05,91,77,83
2025-02-23,93,55,99
2026-02-01,79,96,89
2025-08-30,87,80,77
2025-03-31,39,71,81
2025-12-06,72,84,41
2024-12-27,75,82,81
2025-05-21,84,79,82
2024-09-04,94,77,51
2024-10-23,93,50,87
2025-12-31,77,76,90
2025-04-23,94,78,85
2024-05-23,83,94,85
2025-07-05,31,88,45
2024-09-20,89,58,54
2024-07-01,40,72,86
2026-01-22,75,98,82
2026-01-15,85,88,81
2025-12-21,40,80,83
2024-10-21,88,95,95
2024-11-27,88,71,94
2024-12-11,86,97,86
2025-10-01,82,75,79
2024-09-30,88,75,96
2025-06-12,75,72,79
2024-09-04,88,73,83
2025-05-26,73,30,89
2026-03-07,76,32,93
2024-06-13,72,55,94
2024-07-13,90,72,87
2024-08-08,89,84,75
2025-08-27,90,96,89
2025-02-08,97,73,83
2024-11-18,93,75,75
2025-11-13,74,91,98
2024-08-29,71,86,44
2024-12-15,76,84,82
2025-10-13,91,76,82
2024-10-30,95,92,98
2025-12-11,95,79,92
2025-03-16,73,80,79
2025-01-09,89,96,94
2026-01-08,32,79,94
2026-04-05,34,98,83
2025-02-13,96,98,92
2024-10-07,95,96,97
2025-07-12,84,91,95
2025-02-19,96,31,79
2025-12-15,79,48,46
2024-06-03,92,74,97
2024-08-17,96,77,96
2024-12-26,82,73,86
2025-11-28,73,95,80
2025-06-12,89,96,77
2025-02-02,47,71,98
2025-04-27,92,76,97
2024-04-21,88,83,87
2024-05-03,70,28,96
2024-12-08,77,93,96
2025-03-11,75,76,99
2024-12-08,81,82,87
2025-09-22,81,90,86
2024-05-07,84,91,88
2025-12-16,81,71,77
2025-07-06,82,81,79
2026-03-02,87,71,90
2024-07-02,71,93,83
2025-01-27,72,84,85
2025-11-13,95,89,96
2026-04-13,92,90,41
2025-02-13,79,75,80
2025-03-17,92,95,99
2025-08-12,89,95,96
2024-08-28,87,77,92
2025-07-16,81,91,98
2025-07-25,78,29,88
2025-09-27,80,72,90
2026-02-15,90,88,89
2025-03-16,95,80,85
2026-01-06,77,89,79
2026-04-12,85,91,91
2025-08-16,97,75,83
2024-11-21,84,75,90
2024-05-04,90,96,94
2026-02-23,77,83,87
2025-12-06,70,83,89
2026-03-14,36,90,91
2025-08-11,87,71,85
2024-07-03,73,83,86
2026-02-12,50,90,45
2025-02-15,97,72,59
2024-11-22,73,89,85
2025-04-18,70,85,90
2026-02-26,87,93,96
2025-01-30,97,79,80
2025-10-14,93,51,89
2025-01-16,39,92,94
2024-11-10,86,83,84
2025-11-05,95,80,80
2025-12-25,56,80,99
2026-03-30,95,91,87
2024-07-12,96,74,88
2025-05-14,92,83,96
2024-10-29,86,76,83
2024-06-12,87,86,85
2025-03-13,94,92,88
2025-03-05,98,71,85
2025-02-06,78,71,98
2026-01-01,73,80,82
2025-06-28,94,58,79
2024-09-21,93,74,90
2024-06-14,83,89,97
2025-09-21,79,74,94
2024-12-13,74,94,83
2025-12-23,78,85,62
2024-08-09,76,85,75
2024-12-02,79,88,84
2024-09-07,92,73,97
2026-02-06,54,85,91
2024-07-06,74,77,83
2026-03-25,96,41,56
2025-05-22,82,70,95
2024-09-21,32,92,93
2025-01-07,90,45,98
2025-12-05,82,76,80
2024-08-08,97,77,96
2025-03-17,71,91,79
2024-06-11,72,85,42
2026-04-10,81,86,82
2025-08-13,56,93,92
2025-05-22,70,78,92
2025-09-10,95,60,76
2025-08-03,70,72,75
2026-01-23,83,71,86
2026-02-20,95,41,83
2026-03-03,72,70,96
2025-12-24,87,81,85
2025-09-27,87,76,99
2025-10-04,77,92,79
2025-04-27,82,85,83
2025-08-12,93,76,94
2026-03-30,83,93,99
2026-03-31,75,83,92
2025-12-15,86,94,59
2025-09-23,74,94,96
2025-08-14,40,83,95
2026-03-02,86,88,84
2024-05-12,48,71,76
2026-02-19,89,52,99
2024-06-26,74,95,81
2024-07-09,84,29,77
2024-06-06,81,76,88
2025-11-15,86,97,81
2024-05-06,45,81,99
2025-01-20,79,88,84
2024-08-30,89,83,81
2025-07-02,88,73,62
2024-06-06,86,77,96
2024-04-20,89,86,90
2024-11-27,91,88,76
2025-03-06,78,73,80
2026-03-16,72,72,84
2026-01-13,86,72,48
2024-06-20,81,78,99
2025-12-02,79,82,79
2025-03-19,78,96,88
2024-06-12,85,72,63
2024-09-18,73,85,98
2025-11-02,76,87,94
2024-09-07,44,88,85
2025-05-30,70,70,95
2025-03-13,84,71,83
2026-02-07,84,71,90
2025-11-15,73,59,87
2025-09-27,87,85,75
2024-09-15,75,83,89
2025-11-27,77,70,61
2024-09-26,97,90,85
2025-06-23,59,96,97
2026-01-07,98,71,91
2025-01-10,78,95,98
2025-10-06,95,72,76
2024-05-08,71,88,93
2025-11-15,78,34,99
2024-11-26,71,84,81
2026-02-10,90,74,88
2024-06-02,91,91,81
2025-10-09,92,77,85
2025-06-23,93,41,75
2024-08-25,86,72,82
2025-09-29,54,89,83
2026-04-01,91,76,76
2025-08-23,89,82,92
2025-08-06,84,71,98
2024-08-17,75,51,94
2025-07-08,88,77,88
2026-03-04,88,73,99
2025-07-06,84,82,92
2026-02-18,51,79,83
2024-09-04,77,52,96
2025-11-29,83,85,77
2025-06-16,75,87,81
2024-05-06,73,96,98
2026-02-22,80,73,97
2025-07-08,70,87,81
2025-12-18,72,81,96
2026-04-02,35,28,82
2024-05-07,80,92,98
2024-09-26,98,30,86
2026-03-02,58,45,93
2024-04-20,78,75,93
2025-06-05,95,72,96
2026-03-03,91,71,94
2026-01-06,86,78,64
2025-04-06,74,97,64
2025-10-10,89,72,81
2024-07-15,72,87,61
2026-02-09,89,81,79
2024-09-01,79,57,79
2024-08-12,73,79,53
2024-11-15,96,96,83
2026-02-08,93,80,41
2025-04-27,95,75,99
2025-01-12,98,78,89
2025-02-01,37,96,95
2026-01-05,80,90,90
2024-12-09,70,71,94
2024-12-15,84,37,84
2025-05-17,40,74,81
2025-01-22,93,92,98
2025-02-19,90,75,59
2024-09-01,80,74,48
2024-10-21,49,97,60
2024-11-26,90,74,48
2025-01-05,92,92,76
2024-07-22,76,27,82
2025-01-07,83,72,98
2025-02-16,97,76,75
2025-12-16,92,31,91
2024-06-18,76,83,98
2024-08-19,70,80,87
2024-08-07,75,71,91
2024-10-21,33,87,83
2024-05-15,70,53,81
2025-11-03,87,72,44
2025-04-04,98,96,89
2024-12-09,77,28,78
2025-03-24,88,77,52
2024-06-03,73,77,91
2026-04-11,49,78,77
2025-02-06,74,76,76
2024-09-17,96,75,80
2025-05-01,84,85,93
2024-12-17,90,41,76
2024-11-18,96,73,97
2026-03-02,75,53,91
2025-01-19,75,74,98
2024-08-27,95,72,42
2025-06-12,92,74,95
2026-01-11,79,87,81
2026-01-18,85,94,81
2024-07-02,97,73,96
2025-06-23,76,78,92
2026-02-19,80,25,49
2025-10-15,90,92,91
2024-04-18,78,75,52
2026-03-15,48,70,88
2024-04-26,93,94,98
2025-03-22,91,71,90
2024-09-20,87,25,92
2025-07-15,56,91,93
2025-03-24,92,87,88
2025-05-11,90,83,48
2024-07-16,80,90,97
2024-12-02,96,85,82
2025-06-24,75,96,93
2025-07-28,87,96,98
2025-08-11,49,88,55
2025-05-18,96,87,79
2026-03-04,91,78,83
2024-05-02,98,83,91
2025-04-22,88,72,77
2024-11-10,85,73,84
2025-10-24,94,80,88
2025-05-24,84,91,98
2024-06-21,98,88,80
2024-12-07,85,82,82
2025-03-24,88,73,93
2024-11-07,80,71,93
2024-06-15,76,87,60
2024-10-03,78,82,81
2024-07-06,76,81,80
2025-05-01,95,80,80
2025-02-19,70,78,98
2026-02-02,72,98,86
2025-09-30,79,86,86
2024-10-10,75,88,89
2025-02-15,77,82,79
2026-02-26,77,30,81
2025-03-10,88,48,85
2025-01-15,81,58,76
2024-12-13,96,94,81
2025-11-23,83,98,96
2024-06-04,88,88,94
2024-08-15,88,87,95
2025-08-31,97,85,76
2025-09-04,90,85,90
2025-11-11,95,76,52
2025-11-08,71,96,97
2026-01-31,73,82,92
2025-11-20,84,87,84
2025-06-27,87,29,79
2025-07-01,88,91,90
2024-07-19,81,70,82
2026-04-07,80,86,79
2025-01-12,98,70,92
2024-04-19,87,83,95
2024-10-17,97,87,82
2024-09-16,96,87,83
2025-12-10,90,79,75
2026-03-13,89,82,91
2025-04-12,82,92,89
2024-09-08,97,80,96
2025-02-24,80,82,88
2026-03-21,81,70,81
2026-04-14,72,88,90
2025-07-29,91,92,93
2026-03-30,33,77,82
2025-01-07,98,81,98
2024-08-12,76,91,80
2024-10-25,98,83,90
2026-02-09,82,91,88
2025-08-26,49,96,98
2025-09-28,78,72,81
2024-10-12,82,96,84
2024-10-31,78,94,78
2025-04-04,96,88,92
2025-09-18,39,88,89
2026-01-30,41,89,86
2024-08-13,74,78,97
2024-09-12,85,86,97
2026-04-07,84,90,90
2024-06-24,82,79,86
2024-08-05,72,94,82
2025-02-14,75,78,82
2024-07-23,35,93,92
2024-11-11,86,75,76
2025-06-01,90,48,83
2025-05-23,88,78,90
2024-09-01,84,73,79
2024-07-18,98,88,88
2025-04-03,85,81,93
2025-06-26,90,84,96
2026-02-17,85,96,84
2025-05-19,76,78,79
2025-09-06,96,70,88
2024-04-19,78,79,80
2024-08-11,80,76,84
2025-08-28,92,97,78
2024-10-21,89,74,76
2025-02-19,95,92,87
2024-10-20,78,89,95
2024-07-20,98,82,51
2026-01-05,40,97,85
2024-09-23,73,93,97
2024-11-21,78,93,88
2024-12-15,93,92,78
2025-10-22,87,72,86
2024-09-19,75,98,86
2026-02-24,74,77,83
2024-08-13,92,90,90
2024-06-07,96,97,97
2024-10-01,75,90,96
2025-12-27,54,81,94
2025-12-12,38,96,98
2024-11-16,38,79,82
2024-06-09,90,89,84
2026-04-06,93,89,78
2024-09-25,91,79,83
2025-01-09,83,90,98
2025-09-17,97,93,87
2025-11-13,77,93,83
2026-03-02,88,81,83
2025-04-29,93,83,80
2024-09-08,87,91,79
2025-05-13,82,77,93
2025-09-09,93,82,80
2024-11-30,91,48,93
2025-05-23,84,89,99
2025-12-12,93,41,99
2025-06-02,96,78,77
2024-12-01,74,90,81
2024-05-04,85,85,97
2025-03-06,75,26,76
2024-11-06,91,80,79
2025-07-12,90,72,89
2024-12-31,80,95,89
2025-10-13,85,94,96
2024-08-17,79,98,92
2025-11-16,87,72,95
2024-08-20,71,86,87
2024-05-10,95,88,92
2025-07-18,75,75,93
2025-10-12,83,88,99
2025-08-06,75,71,93
2024-05-25,92,90,97
2025-09-29,81,96,83
2026-01-25,91,71,85
2025-04-23,78,88,93
2025-07-26,92,97,99
2024-06-22,86,72,86
2025-05-31,85,81,93
2025-10-23,94,84,97
2026-01-12,76,96,79
2025-07-16,94,77,78
2025-07-01,70,81,80
2024-08-27,98,40,89
2025-05-16,91,72,75
2026-04-14,70,95,79
2025-09-11,70,70,90
2024-04-24,75,78,94
2025-08-05,77,83,85
2024-10-15,89,73,87
2026-03-09,74,85,86
2025-07-20,74,79,91
2025-06-01,91,37,90
2024-07-09,72,70,56
2024-12-07,85,54,97
2024-06-28,80,93,96
2024-05-21,60,96,87
2024-05-10,77,94,81
2024-09-26,90,95,96
2025-10-13,76,94,91
2025-09-28,86,87,82
2025-04-27,81,74,82
2025-01-18,73,77,87
2024-10-13,72,91,98
2025-08-08,71,92,87
2025-02-21,70,89,97
2024-06-10,96,83,81
2024-10-06,75,85,75
2026-01-05,89,84,80
2025-05-16,92,98,99
2025-04-08,44,88,81
2025-02-22,86,73,93
2024-12-09,96,97,97
2026-01-17,95,75,86
2025-07-11,85,84,78
2024-06-14,43,97,80
2024-05-04,45,53,79
2024-09-23,88,55,97
2025-09-23,73,45,99
2024-10-21,78,82,85
2024-07-19,41,96,80
2024-11-24,78,78,98
2024-07-01,72,98,77
2025-05-20,70,77,92
2025-04-27,82,70,86
2025-08-11,71,73,46
2025-03-18,98,74,83
2024-11-24,88,73,94
2025-10-29,89,73,87
2025-01-09,98,91,91
2025-10-03,92,95,63
2024-07-19,76,72,62
2025-12-12,82,78,80
2026-04-01,93,96,81
2024-12-21,78,86,82
2025-06-14,74,88,78
2024-08-18,85,89,96
2024-04-26,75,72,93
2025-11-07,71,83,60
2025-10-08,76,97,80
2025-07-19,72,92,99
2026-02-24,80,92,87
2025-03-15,92,59,83
2025-05-12,39,72,95
2026-03-31,80,81,92
2025-10-17,70,95,98
2024-12-16,87,96,93
2025-03-04,90,90,84
2024-10-30,74,70,93
2025-03-29,80,82,96
2025-04-12,76,73,77
2024-12-11,78,70,93
2026-01-16,90,73,76
2026-02-22,97,97,75
2025-05-11,70,44,79
2025-07-04,51,89,99
2025-03-28,60,27,98
2025-04-17,70,93,84
2024-08-07,96,91,97
2026-01-05,90,25,87
2024-05-03,31,90,94
2026-01-14,76,81,96
2025-04-12,78,77,99
2025-07-18,92,87,93
2025-01-30,92,85,88
2025-05-08,94,70,92
2026-02-15,58,87,88
2026-01-13,79,97,76
2025-10-03,80,94,75
2025-03-28,88,79,93
2026-03-13,87,87,92
2024-10-14,77,86,80
2024-10-11,91,84,98
2024-12-31,93,90,87
2025-07-02,94,70,83
2026-04-14,75,93,98
2025-04-21,80,97,99
2024-07-02,77,85,78
2024-11-01,88,90,89
2025-05-15,80,39,95
2025-10-27,86,93,94
2025-03-09,88,75,90
2026-03-19,87,86,79
2024-09-08,85,88,84
2026-03-04,75,71,94
2026-01-25,79,74,97
2025-02-14,77,95,77
2026-03-15,73,80,87
2025-05-27,98,89,83
2025-03-11,96,80,77
2025-11-13,56,83,90
2024-07-12,98,86,90
2025-11-19,72,31,99
2026-04-05,70,86,60
2024-06-30,93,73,85
2024-06-11,98,98,84
2024-05-16,96,72,45
2025-12-12,81,78,82
2025-10-19,91,71,88
2024-09-05,98,98,86
2024-11-28,97,77,93
2024-04-28,74,85,93
2026-04-06,92,74,91
2025-12-05,98,96,96
2024-09-02,76,89,90
2024-09-14,51,94,96
2026-01-15,95,83,77
2025-02-06,97,77,94
2025-05-22,93,95,76
2025-03-05,75,74,54
2026-02-11,30,90,86
2025-02-17,93,90,97
2026-03-06,70,83,98
2025-08-05,79,85,80
2026-04-12,96,74,78
2026-03-28,95,80,99
2025-04-18,51,97,81
2026-02-22,90,81,86
2026-03-17,88,86,94
2025-12-07,95,72,94
2026-01-10,97,90,95
2025-03-23,88,72,92
2024-08-15,90,93,83
2025-05-02,80,86,81
2025-02-26,73,92,89
2024-10-16,79,81,78
2025-10-03,74,80,96
2025-11-03,59,71,80
2025-05-01,97,27,77
2025-09-06,74,95,55
2025-06-20,91,91,99
2025-02-10,70,88,98
2026-03-21,92,80,86
2025-04-25,85,71,92
2025-04-09,83,95,82
2024-12-01,82,74,89
2025-01-06,98,89,90
2024-08-31,88,82,77
2025-02-24,79,73,96
2025-01-28,90,86,53
2024-05-19,76,70,77
2026-02-11,91,88,77
2025-01-30,95,84,77
2024-11-01,82,89,87
2025-07-12,86,86,97
2024-09-26,87,75,77
2026-03-04,92,77,96
2024-05-06,72,85,88
2024-05-03,40,98,92
2025-08-27,87,83,92
2024-05-10,96,87,87
2024-10-17,92,82,91
2025-04-09,94,87,82
2025-09-09,97,70,78
2026-02-01,95,77,88
2025-03-24,96,89,89
2025-09-08,37,80,43
2024-06-14,84,77,97
2025-12-14,91,75,95
2024-08-02,78,93,91
2026-02-08,96,74,79
2024-10-10,97,75,51
2024-07-14,93,72,83
2026-01-06,73,73,93
2026-03-15,76,25,92
2024-09-18,38,79,80
2025-01-24,86,73,75
2025-09-07,98,93,93
2025-09-29,78,74,82
2024-11-01,85,89,90
2025-05-21,79,84,82
2024-08-17,91,82,84
2025-06-04,87,93,95
2025-03-07,95,72,77
2025-08-06,93,71,79
2025-04-07,73,77,55
2025-08-25,73,80,94
2025-12-22,83,83,83
2024-08-22,42,76,85
2024-05-13,90,43,97
2026-01-29,98,71,88
2025-03-22,52,48,84
2024-09-30,83,90,58
2025-05-11,75,41,77
2025-01-27,72,78,92
2024-10-24,81,71,89
2026-02-23,72,75,53
2024-09-03,45,98,87
2024-09-08,74,92,82
2025-05-28,91,94,78
2025-05-02,59,83,80
2025-07-15,75,85,85
2026-02-14,31,72,78
2025-09-18,89,79,80
2025-04-08,84,74,96
2025-06-10,90,87,97
2024-05-23,74,82,82
2026-01-25,72,92,90
2025-09-29,80,73,78
2024-07-13,73,91,97
2025-03-05,94,79,51
2025-03-03,70,94,98
2024-12-19,84,74,89
2025-12-12,71,41,82
2024-08-23,77,74,95
2024-08-30,77,45,84
2024-09-09,78,79,99
2025-12-20,83,91,95
2025-11-06,93,37,40
2025-02-09,78,90,78
2024-08-24,84,87,81
2025-11-09,85,83,75
2025-11-27,98,84,97
2025-11-23,96,96,98
2024-12-11,88,75,60
2025-10-10,71,74,89
2024-11-13,70,80,82
2026-03-10,94,93,79
2024-10-24,79,96,77
2025-06-19,89,80,77
2026-03-22,71,82,93
2026-02-11,91,81,94
2026-02-11,86,88,95
2025-03-04,71,94,84
2025-02-18,71,87,77
2024-07-26,87,28,89
2024-11-07,77,92,98
2025-09-15,97,96,96
2026-02-01,87,86,79
2025-02-11,89,75,90
2024-11-06,75,73,77
2025-11-04,91,80,76
2024-09-25,77,90,83
2024-11-11,74,85,57
2025-02-22,47,94,95
2025-10-24,74,70,95
2024-05-10,92,70,84
2024-09-14,56,70,99
2024-11-02,89,73,83
2024-12-30,82,85,97
2025-12-21,97,86,83
2025-12-06,91,54,99
2024-10-18,79,82,96
2026-03-14,87,54,82
2025-09-08,83,89,94
2025-03-14,70,48,86
2025-03-07,78,98,50
2025-01-04,80,82,87
2025-05-03,79,95,93
2025-05-09,83,74,99
2026-03-22,98,72,80
2025-12-12,98,72,92
2025-03-26,95,54,77
2025-10-22,81,80,86
2024-09-17,93,86,84
2024-08-28,95,75,96
2025-09-04,75,81,82
2024-05-01,86,81,84
2025-07-11,86,89,78
2025-01-10,78,96,93
2024-10-05,87,89,81
2024-10-19,76,71,89
2025-10-13,73,97,75
2025-12-02,83,72,91
2024-06-14,98,70,76
2026-03-28,95,90,77
2024-12-23,84,95,43
2025-07-22,95,74,75
2025-07-25,42,73,81
2024-07-14,90,95,94
2025-10-08,94,96,77
2024-05-01,79,75,86
2025-07-07,71,37,80
2026-01-20,80,83,86
2024-10-22,89,84,95
2026-01-29,75,96,83
2024-09-26,85,70,86
2025-02-20,95,71,76
2025-12-19,94,93,91
2025-05-20,75,92,81
2025-08-28,92,82,90
2025-02-12,82,86,76
2025-06-10,77,82,80
2024-06-19,85,88,82
2025-04-27,74,82,81
2024-07-04,96,85,81
2025-04-21,98,80,93
2025-07-15,51,97,81
2024-12-25,76,84,79
2024-06-30,98,86,91
2026-04-05,93,90,85
2025-09-17,72,76,48
2026-04-13,79,97,91
2025-11-14,87,71,93
2024-10-02,90,87,90
2024-05-31,94,56,58
2025-07-07,80,27,98
2025-05-23,88,82,88
2024-05-31,92,83,86
2024-11-15,76,94,94
2026-04-03,86,96,99
2025-04-13,85,87,90
2026-03-10,92,77,80
2024-08-11,84,72,90
2025-06-05,83,98,80
2025-06-21,36,94,91
2025-11-27,96,30,98
2025-07-24,87,98,98
2025-06-13,49,70,83
2026-02-03,87,72,78
2024-09-27,83,74,84
2025-10-24,77,98,94
2024-09-20,60,91,79
2025-07-17,89,28,83
2025-05-03,80,86,85
2025-10-11,71,27,90
2025-11-10,73,25,88
2025-10-03,70,45,87
2025-01-30,71,92,78
2024-09-30,72,92,88
2024-06-26,75,47,92
2025-04-09,94,88,53
2024-06-26,92,94,84
2025-06-12,78,72,78
2025-11-30,86,86,82
2025-09-30,89,72,75
2024-10-03,90,96,96
2024-09-15,80,95,89
2025-09-06,83,74,89
2024-08-19,92,70,98
2026-04-06,70,98,80
2024-10-23,71,79,83
2025-06-25,84,89,79
2025-03-02,97,43,97
2025-07-16,40,83,98
2024-07-06,75,42,53
2026-02-15,72,78,56
2026-01-02,88,79,91
2025-09-16,91,71,93
2024-04-20,77,98,78
2025-02-04,92,70,82
2025-03-02,95,76,59
2024-08-10,77,91,95
2024-12-02,78,75,84
2024-12-04,94,72,88
2024-08-27,79,77,77
2025-07-13,90,93,77
2024-05-15,84,55,88
2025-03-20,91,92,82
2024-09-03,44,85,88
2024-10-10,77,92,89
2025-05-21,70,94,89
2025-05-23,81,83,77
2024-07-07,31,97,77
2025-11-23,46,83,96
2025-11-07,74,41,98
2025-12-01,53,83,93
2024-10-27,84,85,90
2026-03-08,89,83,98
2025-01-17,70,90,82
2025-09-26,90,86,94
2024-07-21,70,71,84
2025-11-23,92,55,79
2024-10-04,71,83,76
2024-11-30,81,84,88
2024-05-02,87,74,88
2024-06-03,94,73,84
2025-03-30,96,72,87
2025-08-22,88,97,88
2024-06-14,73,47,88
2025-09-07,91,93,84
2025-02-13,73,91,82
2025-02-14,71,43,75
2025-05-12,75,90,78
2025-04-13,98,81,79
2025-08-06,79,93,78
2024-06-07,96,76,81
2024-12-05,77,73,81
2024-09-15,60,91,81
2024-08-20,76,86,81
2025-11-09,95,87,99
2026-01-21,89,77,78
2024-08-21,88,72,92
2025-08-24,84,97,92
2025-01-05,75,29,78
2025-11-15,78,53,79
2026-03-23,48,78,87
2025-10-01,71,79,90
2025-10-02,93,92,84
2024-11-26,92,89,84
2025-08-24,35,34,90
2024-12-18,33,90,91
2025-02-27,98,72,99
2024-11-11,70,92,97
2024-08-22,95,76,76
2024-09-19,86,94,97
2025-12-09,74,81,85
2025-07-18,89,86,90
2024-05-06,35,91,76
2024-09-20,90,88,77
2025-10-02,82,77,95
2024-05-11,96,97,95
2024-05-14,94,95,87
2026-03-29,96,95,95
2024-12-04,83,71,80
2025-07-27,85,96,78
2025-04-13,74,93,97
2025-03-10,95,74,94
2025-06-12,81,88,90
2025-04-02,77,95,98
2024-11-27,74,79,79
2025-05-23,95,79,93
2026-02-22,74,98,83
2024-12-31,71,86,81
2024-09-17,98,30,79
2025-12-30,92,81,93
2024-08-22,89,82,87
2026-04-11,85,91,80
2026-04-09,90,91,85
2026-02-16,78,90,85
2025-11-24,73,94,96
2025-02-13,70,77,88
2025-07-31,79,85,56
2026-01-19,85,96,76
2026-02-14,98,87,89
2024-12-18,83,74,90
2024-07-29,91,78,95
2025-04-03,82,81,82
2025-02-27,82,86,78
2025-12-14,93,34,83
2024-11-01,96,89,78
2026-03-03,89,81,47
2025-08-10,96,86,78
2024-12-28,91,88,79
2025-05-31,75,88,97
2024-07-11,94,98,87
2025-06-22,78,89,97
2024-11-17,95,80,75
2025-09-07,81,77,52
2025-02-11,80,71,86
2024-04-21,70,83,90
2024-05-21,83,81,86
2025-01-29,90,96,90
2025-08-09,76,75,94
2024-08-11,86,97,83
2025-10-31,84,50,75
2025-07-05,93,76,85
2024-12-02,91,87,95
2024-11-20,72,74,81
2025-03-17,91,93,97
2024-11-15,97,82,50
2025-08-06,85,78,79
2025-07-15,85,79,81
2025-08-08,96,94,94
2024-08-17,81,70,86
2024-12-03,84,96,82
2025-02-23,87,87,95
2025-04-19,72,89,95
2025-03-08,85,83,90
2024-06-18,97,79,49
2026-02-06,82,70,91
2025-08-10,89,94,93
2024-09-22,85,73,99
2026-03-16,97,79,52
2024-09-24,82,56,85
2025-03-26,74,85,85
2025-02-05,84,79,99
2026-02-18,81,86,79
2024-05-04,93,83,94
2025-02-26,86,94,75
2025-05-27,93,38,83
2024-10-15,80,92,76
2024-12-29,76,87,52
2025-01-12,87,74,75
2026-03-17,74,86,96
2025-12-16,88,77,92
2024-10-19,75,70,79
2024-12-09,72,80,88
2025-02-24,82,91,84
2024-11-17,74,72,83
2025-02-23,77,73,90
2025-04-14,80,82,82
2025-10-06,89,74,91
2024-10-22,86,90,86
2024-12-16,74,96,91
2024-08-13,76,96,80
2025-08-02,75,43,92
2025-01-01,74,88,56
2025-08-12,93,94,43
2026-01-09,71,85,86
2024-11-22,91,97,84
2024-07-30,76,87,91
2024-11-15,55,76,90
2025-11-04,75,84,77
2025-03-01,82,86,80
2024-07-04,72,76,89
2025-11-27,81,32,75
2025-03-02,73,88,95
2025-11-01,78,73,82
2025-04-28,80,94,80
2025-03-15,76,77,96
2026-03-04,98,74,99
2025-02-02,76,71,82
2025-09-28,94,70,94
2024-09-10,74,98,84
2024-06-04,81,73,97
2024-12-17,72,93,91
2025-06-30,70,86,89
2024-08-16,94,90,95
2025-01-24,96,71,95
2024-07-18,52,85,89
2026-01-04,80,90,79
2025-10-27,98,84,64
2026-03-30,73,92,83
2025-02-06,72,56,90
2024-11-18,85,84,95
2025-09-02,75,95,98
2025-03-14,77,88,87
2024-07-13,88,88,75
2024-08-04,96,30,78
2025-06-22,98,74,80
2024-09-01,76,96,78
2025-12-04,34,60,93
2024-07-01,85,85,82
2024-08-24,88,73,78
2024-09-01,85,82,81
2025-09-01,84,80,81
2026-02-28,96,75,89
2024-10-02,70,77,90
2025-06-29,31,80,75
2024-12-20,91,97,90
2024-12-13,81,74,85
2025-08-25,91,96,99
2025-02-08,70,74,98
2026-03-06,90,35,81
2024-10-21,98,89,99
2025-08-12,84,86,96
2025-12-02,78,96,79
2025-10-31,82,81,88
2025-04-03,35,90,75
2025-08-09,97,93,77
2025-04-13,91,86,95
2025-11-12,93,98,85
2024-07-28,40,58,85
2024-09-13,34,82,85
2025-05-17,73,76,81
2025-01-23,92,76,92
2024-10-14,74,88,47
2024-09-13,82,89,84
2024-07-19,84,83,95
2026-02-24,81,73,99
2026-03-19,71,74,53
2026-03-13,71,76,76
2025-09-28,79,90,88
2026-04-13,92,78,98
2024-09-21,70,90,89
2024-05-09,84,93,95
2024-12-09,73,58,82
2025-10-10,90,76,55
2026-04-18,87,81,92
2025-01-18,75,80,80
2026-03-03,85,59,83
2025-05-20,73,30,97
2024-08-31,93,39,98
2024-04-22,70,27,78
2025-10-11,80,74,98
2024-08-02,44,90,78
2024-07-27,73,70,90
2026-02-25,98,95,86
2025-01-28,36,93,92
2024-12-26,74,46,79
2025-06-02,87,80,94
2026-04-12,78,98,97
2026-04-13,34,45,97
2024-08-15,93,79,61
2024-10-14,89,85,95
2025-02-21,46,76,87
2025-07-13,79,91,94
2024-06-03,81,78,90
2025-02-21,85,83,96
2026-02-03,82,94,57
2025-02-13,92,93,92
2024-11-14,72,86,75
2026-02-28,71,34,83
2025-05-08,77,86,97
2024-04-22,74,83,77
2025-03-15,60,88,97
2024-05-15,83,75,78
2024-10-09,74,73,78
2024-04-30,90,97,97
2025-06-01,87,77,92
2025-08-09,94,83,86
2025-02-03,78,86,85
2024-06-06,72,81,90
2024-10-24,80,31,92
2025-11-19,87,44,82
2025-03-08,87,82,82
2024-06-10,77,81,91
2025-08-27,72,77,90
2025-05-15,80,97,93
2024-11-06,73,73,56
2025-06-16,82,96,82
2024-09-25,72,31,93
2025-04-15,92,94,82
2024-09-12,70,45,89
2024-07-13,86,73,54
2024-10-04,88,98,87
2025-11-29,60,92,95
2025-06-26,51,82,80
2024-06-11,41,88,85
2024-07-13,89,31,75
2024-08-31,75,97,94
2025-06-21,89,91,85
2026-03-28,70,87,87
2024-09-16,77,34,97
2026-04-03,79,57,76
2024-07-08,94,95,81
2026-04-12,82,72,96
2025-11-27,82,82,93
2024-08-09,92,84,85
2024-05-11,81,74,87
2024-12-26,94,78,89
2024-04-27,93,87,97
2024-08-15,94,78,54
2026-02-07,82,31,76
2026-01-27,74,72,98
2025-11-08,73,79,88
2025-02-25,82,97,90
2025-10-18,86,28,82
2025-04-01,77,88,79
2025-10-17,80,91,79
2026-03-09,30,77,85
2025-10-10,97,77,92
2024-04-21,83,80,98
2024-10-23,97,72,88
2025-01-25,82,75,75
2026-02-19,85,83,80
2025-04-09,35,31,87
2025-11-28,80,73,58
2024-05-28,89,70,57
2025-02-27,86,78,76
2025-01-12,91,88,61
2024-09-27,89,94,85
2026-04-06,81,98,87
2025-01-19,95,70,44
2025-11-12,41,96,99
2026-02-20,84,72,44
2025-11-28,80,96,81
2025-04-12,95,72,76
2026-03-15,72,77,97
2024-06-26,92,70,89
2024-10-24,78,80,92
2025-08-26,84,78,91
2026-04-18,71,51,84
2025-06-24,79,95,99
2024-07-17,94,92,92
2025-11-11,35,49,45
2024-07-12,90,96,77
2025-11-25,77,78,79
2025-02-17,44,85,86
2025-09-09,73,33,88
2024-11-04,77,86,77
2024-12-29,76,96,96
2026-01-31,91,96,83
2025-01-17,92,74,97
2025-06-09,83,70,80
2026-03-27,72,96,99
2025-01-04,70,84,84
2025-07-10,74,87,85
2024-12-30,74,75,82
2026-01-14,80,88,75
2025-09-18,98,38,62
2025-11-14,82,36,59
2025-04-05,87,95,96
2025-07-25,71,84,80
2025-02-22,77,72,83
2025-08-06,97,73,88
2024-09-21,81,82,79
2026-04-03,84,81,78
2025-06-18,76,56,88
2026-02-28,90,46,85
2025-12-23,88,86,88
2025-09-04,81,77,54
2024-08-13,87,94,94
2025-03-20,80,86,80
2024-11-11,73,91,93
2024-09-19,88,78,84
2024-07-26,84,94,96
2024-10-30,96,92,58
2025-12-07,84,76,88
2025-08-09,85,82,84
2025-04-24,98,73,89
2025-11-11,90,72,93
2024-10-27,75,98,82
2025-01-27,83,94,84
2026-04-14,70,87,90
2025-07-14,79,74,86
2024-09-21,72,70,98
2025-01-20,58,25,98
2024-05-16,95,72,81
2024-07-12,75,88,76
2024-06-12,76,82,98
2025-07-11,94,95,80
2025-04-23,89,57,48
2024-10-05,95,98,90
2025-06-04,86,80,98
